Company,Stage,Dealflow,region,creation date,description,markets,follow on rate,investment by stage
Flight.VC Syndicate,Seed,High,USA,10-2021,"Flight.VC Syndicate is a VC firm investing in high-growth companies in AI, ML, and consumer product sectors. They focus on early-stage investments and have a strong track record of successful exits.","['AI / ML', 'Finance', 'Consumer Product']",36.0%,"{'seed': '65%', 'early': '24%', 'growth': '5%'}"
MyAsiaVC,Seed,High,India,09-2020,"MyAsiaVC invests in early-stage startups across the AI, SaaS, and Fintech sectors. They are focused on the Indian market with a keen interest in innovative solutions for emerging markets.  Their high deal flow indicates a strong focus on identifying and funding promising ventures.","['AI', 'SaaS', 'Fintech']",20.0%,"{'seed': '73%', 'early': '26%', 'growth': '9%'}"
Rob Ness,Seed,High,USA,03-2023,Rob Ness is a seed-stage venture capital firm focusing on early-stage investments in high-growth companies.  They are known for their high deal flow and focus on innovative technologies.,"['SaaS', 'Fintech', 'AI']",20.0%,"{'seed': '75%', 'early': '20%', 'growth': '5%'}"
Unpopular Ventures,Seed,High,USA,01-2024,"Unpopular Ventures is a venture capital firm that invests in seed-stage companies across various sectors, focusing on innovative and disruptive technologies with high-growth potential.","['SaaS', 'Fintech', 'AI']",36.0%,"{'seed': '75%', 'early': '20%', 'growth': '5%'}"
Mana Ventures,Seed,High,USA,03-2022,"Mana Ventures is a seed-stage venture capital firm focusing on investments in early-stage companies across various sectors including SaaS, Fintech, and AI.  They have a reputation for high-volume deal flow and supporting innovative startups with high growth potential.","['SaaS', 'Fintech', 'AI']",36.0%,"{'seed': '75%', 'early': '20%', 'growth': '5%'}"
Riverside Ventures,Seed,High,USA,03-2022,"Riverside Ventures is a venture capital firm that invests in early-stage companies.  Their focus is on Seed stage companies with high growth potential, primarily in the SaaS and Fintech sectors.","['SaaS', 'Fintech']",36.0%,"{'seed': '75%', 'early': '20%', 'growth': '5%'}"
Zachary Ginsburg || Calm Ventures' Syndicate,Seed,High,USA,01-2024,"Zachary Ginsburg || Calm Ventures' Syndicate is a VC firm investing in early-stage companies.  Their focus is likely on high-growth startups, given their high deal flow and seed stage focus.","['SaaS', 'Fintech', 'Healthtech']",36.0%,"{'seed': '65%', 'early': '24%', 'growth': '5%'}"
Better Capital,Pre-Seed,High,USA,01-2024,"Better Capital is a venture capital firm that invests in pre-seed and seed-stage startups.  They focus on companies with strong potential in various sectors, particularly those with innovative technologies and scalable business models.","['SaaS', 'Fintech', 'AI']",32.06%,"{'seed': '80%', 'early': '15%', 'growth': '5%'}"
Unwritten Capital,Seed,High,USA,01-2024,Unwritten Capital is a venture capital firm that invests in seed-stage startups with a focus on innovative technologies and diverse founding teams.  They are known for their high deal flow and are active across various sectors.,"['Fintech', 'SaaS', 'Healthtech']",20.0%,"{'seed': '85%', 'early': '10%', 'growth': '5%'}"
SCVC,Seed,High,USA,03-2022,"SCVC is a venture capital firm that invests in early-stage companies across various sectors, with a strong focus on technology and innovation.  They specialize in seed-stage funding and provide mentorship and guidance to help their portfolio companies grow and succeed.","['SaaS', 'Fintech', 'AI']",36.0%,"{'seed': '65%', 'early': '24%', 'growth': '5%'}"
Gold Dragon Ventures,Seed,High,India,03-2022,"Gold Dragon Ventures is a venture capital firm that invests in early-stage startups in China and Southeast Asia, focusing on technology, fintech, and e-commerce sectors.  They are known for their high deal flow in the seed stage.","['Fintech', 'E-commerce', 'Technology']",20.0%,"{'seed': '75%', 'early': '20%', 'growth': '5%'}"
Climate Capital,Seed,High,USA,01-2024,Climate Capital is a venture capital firm that invests in early-stage companies focused on climate technology and sustainability solutions.  They focus on seed-stage investments and have a strong interest in innovative technologies with high growth potential.,"['Cleantech', 'Renewable Energy', 'Sustainability']",36.0%,"{'seed': '65%', 'early': '24%', 'growth': '5%'}"
DVC,Seed,High,USA,01-2024,"DVC is a venture capital firm that invests in seed-stage companies.  They focus on high-growth potential in various sectors, likely targeting innovative startups.","['SaaS', 'Fintech', 'AI']",36.0%,"{'seed': '65%', 'early': '24%', 'growth': '5%'}"
SuperAngel.Fund,Pre-Seed,High,USA,03-2022,"SuperAngel.Fund is a venture capital firm that invests in early-stage startups, focusing on pre-seed and seed rounds.  They have a strong interest in innovative technologies and high-growth potential across various sectors including SaaS, Fintech and AI.","['SaaS', 'Fintech', 'AI']",20.0%,"{'seed': '80%', 'early': '15%', 'growth': '5%'}"
Austin Walker || Rhone VC,Other,High,USA,01-2024,"Austin Walker || Rhone VC is a venture capital firm with a high deal flow, focusing on investments across various sectors.  Their 'Other' stage designation suggests a broad investment strategy, potentially spanning seed to later-stage companies.","['SaaS', 'Fintech', 'Healthtech', 'AI']",32.06%,"{'seed': '30%', 'early': '30%', 'growth': '40%'}"
Reinforced Ventures,Seed,High,Europe,12-2024,Reinforced Ventures is a pioneering company in AI.,"['SaaS', 'AI']",64.0%,"{'seed': '57%', 'early': '13%', 'growth': '6%'}"
Red Beard Ventures,Seed,High,USA,01-2024,"Red Beard Ventures is a venture capital firm that invests in early-stage companies.  They focus on high-growth potential startups and have a high deal flow, suggesting a focus on a broad range of sectors.","['SaaS', 'Fintech', 'AI']",36.0%,"{'seed': '65%', 'early': '24%', 'growth': '5%'}"
Allied Venture Partners,Seed,High,USA,01-2024,"Allied Venture Partners is a venture capital firm that invests in early-stage companies, focusing on seed-stage investments with high growth potential.  They are known for their involvement in various sectors including SaaS, Fintech, and AI.","['SaaS', 'Fintech', 'AI']",30.0%,"{'seed': '70%', 'early': '20%', 'growth': '10%'}"
Palumni VC,Seed,High,USA,01-2024,"Palumni VC is a venture capital firm that invests in early-stage companies.  They focus on high-growth potential and have a strong network within the technology industry.  Their investments span various sectors including SaaS, Fintech and AI.","['SaaS', 'Fintech', 'AI']",36.0%,"{'seed': '65%', 'early': '24%', 'growth': '5%'}"
Exitfund Ventures,Seed,High,USA,present,Exitfund Ventures is a venture capital firm that invests in early-stage companies.  Their high deal flow suggests a focus on a broad range of sectors with high growth potential.,"['SaaS', 'Fintech', 'AI']",36.0%,"{'seed': '65%', 'early': '24%', 'growth': '5%'}"
Middle Cove Capital,Seed+,High,USA,01-2024,Middle Cove Capital is a venture capital firm that invests in Seed+ stage companies.  They focus on high-growth potential in a variety of sectors.,"['SaaS', 'Fintech', 'Healthtech']",36.0%,"{'seed': '65%', 'early': '24%', 'growth': '5%'}"
Umami Capital,Seed,High,USA,01-2024,Umami Capital is a venture capital firm that invests in seed-stage startups.  They focus on high-growth companies with a strong potential for disruption in various sectors.,"['SaaS', 'Fintech', 'AI']",36.0%,"{'seed': '75%', 'early': '20%', 'growth': '5%'}"
Ventioneers,Other,High,USA,01-2024,"Ventioneers is a venture capital firm with a focus on diverse investment opportunities, spanning various sectors and stages.  Their high deal flow suggests a broad investment strategy and an active presence in the market.","['SaaS', 'Fintech', 'AI', 'Healthtech']",0.0%,"{'seed': '30%', 'early': '30%', 'growth': '40%'}"
Climate Capital Syndicate,Seed,High,USA,03-2022,Climate Capital Syndicate is a venture capital firm specializing in seed-stage investments in climate technology and sustainability-focused companies. They focus on early-stage investments and have a strong track record of successful exits.,"['Cleantech', 'Renewable Energy', 'Sustainability']",36.0%,"{'seed': '65%', 'early': '24%', 'growth': '5%'}"
Cool Climate Collective,Seed,High,USA,01-2024,Cool Climate Collective is a seed-stage venture capital firm focusing on climate technology and sustainability solutions.  They invest in early-stage companies developing innovative technologies to mitigate climate change and promote environmental sustainability.,"['Climate Technology', 'Clean Energy', 'Sustainability']",20.0%,"{'seed': '75%', 'early': '20%', 'growth': '5%'}"
Revere Partners,Series A,High,USA,01-2024,"Revere Partners is a venture capital firm that invests in Series A companies across various sectors, with a focus on high-growth potential.  They are known for their high deal flow and engagement in promising startups.","['SaaS', 'Fintech', 'Healthtech']",45.0%,"{'seed': '10%', 'early': '70%', 'growth': '20%'}"
Engineering Leaders Community Angels,Seed,High,USA,01-2024,Engineering Leaders Community Angels is a community-driven angel investor network focused on seed-stage investments in technology companies. They provide funding and mentorship to promising startups with strong engineering leadership.,"['SaaS', 'AI', 'Fintech']",20.0%,"{'seed': '80%', 'early': '15%', 'growth': '5%'}"
MAV Web3 syndicate,Seed,High,USA,01-2023,"MAV Web3 syndicate is a venture capital firm specializing in seed-stage investments within the Web3 ecosystem.  They focus on blockchain technology, decentralized applications (dApps), and related innovative projects.","['Web3', 'Blockchain', 'Decentralized Finance (DeFi)']",36.0%,"{'seed': '75%', 'early': '20%', 'growth': '5%'}"
Syntax Ventures,Seed,High,USA,present,Syntax Ventures is a venture capital firm that invests in early-stage companies with a focus on technology and innovation.  Their high deal flow suggests a broad investment strategy across various sectors.,"['SaaS', 'Fintech', 'AI']",36.0%,"{'seed': '65%', 'early': '24%', 'growth': '5%'}"
HyperGuap,Pre-Seed,High,USA,01-2024,"HyperGuap is a Pre-Seed stage company with a high deal flow, likely focused on a rapidly growing market sector such as SaaS or Fintech, given its high activity.  They may be developing innovative technologies with high growth potential.","['SaaS', 'Fintech']",32.06%,"{'seed': '85%', 'early': '10%', 'growth': '5%'}"
Jolt VC,Seed,High,USA,03-2022,"Jolt VC is a venture capital firm that invests in early-stage companies, primarily in the SaaS and Fintech sectors.  They have a strong focus on innovative technologies and high-growth potential.","['SaaS', 'Fintech']",36.0%,"{'seed': '70%', 'early': '20%', 'growth': '10%'}"
2022 Ventures - Top Tier Early Stage Deals,Seed+,High,USA,01-2022,"2022 Ventures - Top Tier Early Stage Deals is a venture capital firm specializing in seed and early-stage investments.  They focus on high-growth potential companies across various sectors, including SaaS, Fintech, and AI.","['SaaS', 'Fintech', 'AI']",30.0%,"{'seed': '60%', 'early': '35%', 'growth': '5%'}"
Fundomo,Series A,High,USA,03-2022,"Fundomo is a venture capital firm specializing in Series A investments, focusing on high-growth potential companies within the SaaS and Fintech sectors.  They have a strong reputation for supporting innovative businesses with scalable models.","['SaaS', 'Fintech']",45.0%,"{'seed': '15%', 'early': '60%', 'growth': '25%'}"
Builders Capital,Seed,High,Europe,12-2024,Builders Capital is a pioneering company in SaaS.,"['Fintech', 'AI']",74.0%,"{'seed': '51%', 'early': '16%', 'growth': '16%'}"
Wild Ventures,Seed,Medium,USA,03-2022,"Wild Ventures is a seed-stage venture capital firm focusing on early-stage investments in technology companies.  They are known for their investments in innovative startups across various sectors, including SaaS and Fintech.","['SaaS', 'Fintech']",20.0%,"{'seed': '75%', 'early': '20%', 'growth': '5%'}"
Suman Talukdar,Medium,Medium,India,01-2024,"Suman Talukdar is a mid-stage firm that likely invests across various sectors, showing moderate deal flow.  More information is needed to provide a more specific description.","['SaaS', 'Fintech', 'Healthtech']",40.0%,"{'seed': '30%', 'early': '40%', 'growth': '30%'}"
Good News Ventures,Seed,Medium,USA,03-2022,"Good News Ventures is a seed-stage venture capital firm focusing on early-stage investments in technology companies.  Their portfolio includes companies across various sectors, with a strong focus on innovation and high-growth potential.","['SaaS', 'Fintech', 'AI']",25.0%,"{'seed': '80%', 'early': '15%', 'growth': '5%'}"
Recursive Syndicate,Medium,Medium,USA,01-2024,"Recursive Syndicate is a venture capital firm that invests in companies at various stages of growth, focusing on the technology and healthcare sectors.  They have a medium deal flow, suggesting a balanced approach to investment.","['SaaS', 'Fintech', 'Healthtech']",40.0%,"{'seed': '30%', 'early': '40%', 'growth': '30%'}"
Companyon Ventures,Seed,Medium,USA,03-2022,"Companyon Ventures is a venture capital firm that invests in seed-stage startups.  They focus on companies with innovative technologies and high-growth potential across various sectors including SaaS, Fintech, and AI.","['SaaS', 'Fintech', 'AI']",20.0%,"{'seed': '75%', 'early': '20%', 'growth': '5%'}"
Founders First,Medium,Medium,India,01-2024,"Founders First is a venture capital firm that invests in various sectors, focusing on growth-stage companies.  They have a medium deal flow, indicating a balanced investment strategy.","['SaaS', 'Fintech', 'Healthtech']",40.0%,"{'seed': '30%', 'early': '40%', 'growth': '30%'}"
Everywhere Ventures,Seed,Medium,USA,01-2024,"Everywhere Ventures is a seed-stage venture capital firm focusing on early-stage investments with a portfolio spanning various sectors including SaaS, Fintech, and AI.  They are known for supporting innovative companies with high-growth potential.","['SaaS', 'Fintech', 'AI']",20.0%,"{'seed': '75%', 'early': '20%', 'growth': '5%'}"
Matt Slater (Stateless Ventures),Medium,Medium,USA,01-2024,"Matt Slater (Stateless Ventures) is a venture capital firm focusing on investments across various sectors.  Given their medium stage and deal flow, they likely invest in companies showing solid growth and traction, potentially in the SaaS, Fintech, or AI sectors.","['SaaS', 'Fintech', 'AI']",40.0%,"{'seed': '30%', 'early': '40%', 'growth': '30%'}"
WV,Seed+,Medium,USA,01-2022,WV is a venture capital firm that invests in seed and Series A companies. They focus on B2B SaaS companies in the fintech and healthcare sectors.  They are known for their strong network and experience in helping startups scale.,"['SaaS', 'Fintech', 'Healthtech']",30.0%,"{'seed': '60%', 'early': '30%', 'growth': '10%'}"
Harpoon Ventures,Medium,Medium,USA,present,"Harpoon Ventures is a venture capital firm that invests in companies at the medium stage across various sectors, including SaaS, Fintech, and potentially others.  They have a medium deal flow, suggesting a balanced investment strategy.","['SaaS', 'Fintech']",40.0%,"{'seed': '15%', 'early': '60%', 'growth': '25%'}"
Darkmode Ventures,Seed,Medium,USA,01-2024,"Darkmode Ventures is a venture capital firm that invests in early-stage companies.  Their focus is on seed-stage investments and they have a medium level of deal flow, suggesting a balanced investment strategy across various sectors.","['SaaS', 'Fintech', 'AI']",20.0%,"{'seed': '75%', 'early': '20%', 'growth': '5%'}"
Chaos Ventures,Medium,Medium,USA,01-2024,"Chaos Ventures is a venture capital firm that invests in companies at various stages, focusing on technology and innovation across diverse sectors.  They look for scalable businesses with high-growth potential.","['SaaS', 'Fintech', 'AI']",40.0%,"{'seed': '30%', 'early': '40%', 'growth': '30%'}"
Ride Wave Ventures,Seed,Medium,USA,03-2022,Ride Wave Ventures is a seed-stage venture capital firm focusing on investments in early-stage companies within the transportation and logistics technology sectors. They have a keen interest in startups leveraging AI and machine learning to disrupt traditional models.,"['Transportation', 'Logistics', 'AI']",20.0%,"{'seed': '75%', 'early': '20%', 'growth': '5%'}"
Socially Financed,Medium,Medium,USA,01-2024,"Socially Financed is a mid-stage investment firm focusing on companies with a strong social impact across various sectors, including Fintech, SaaS, and Healthtech.  They invest in companies demonstrating significant growth potential and a commitment to positive social change.","['Fintech', 'SaaS', 'Healthtech']",40.0%,"{'seed': '15%', 'early': '60%', 'growth': '25%'}"
Spacecadet,Seed,Medium,USA,03-2023,Spacecadet is a seed-stage venture capital firm focusing on investments in early-stage startups with innovative technologies and high-growth potential in the AI and SaaS sectors. They have a particular interest in space-related technologies and their applications in various industries.,"['AI', 'SaaS', 'Space Technology']",20.0%,"{'seed': '75%', 'early': '20%', 'growth': '5%'}"
Rief Ventures,Medium,Medium,USA,01-2024,"Rief Ventures is a venture capital firm that invests in companies at the medium stage across various sectors including SaaS, Fintech, and Healthtech.  They focus on companies with strong growth potential and experienced management teams.","['SaaS', 'Fintech', 'Healthtech']",40.0%,"{'seed': '15%', 'early': '60%', 'growth': '25%'}"
5 Eyes Ventures,Seed,Medium,USA,03-2022,"5 Eyes Ventures is a seed-stage venture capital firm focusing on early-stage investments in promising startups across various sectors, including SaaS, Fintech, and AI.  They are known for their strong network and support for portfolio companies.","['SaaS', 'Fintech', 'AI']",36.0%,"{'seed': '65%', 'early': '24%', 'growth': '5%'}"
Xtripe Angels,Medium,Medium,USA,present,"Xtripe Angels is a venture capital firm that invests in companies at the medium stage, focusing on growth and expansion within various sectors.  They have a diverse portfolio and are known for their support in scaling operations.","['SaaS', 'Fintech', 'Healthtech']",40.0%,"{'seed': '10%', 'early': '30%', 'growth': '60%'}"
Banana Capital,Series D,Medium,USA,03-2015,"Banana Capital is a venture capital firm that invests in late-stage companies. They primarily focus on the SaaS, Fintech, and Healthtech sectors and have a strong portfolio of successful exits.","['SaaS', 'Fintech', 'Healthtech']",65.0%,"{'seed': '10%', 'early': '15%', 'growth': '75%'}"
Shelter Island Ventures,Medium,Medium,USA,01-2024,"Shelter Island Ventures is a venture capital firm that invests in companies at various stages, focusing on technology and innovation.  They have a medium deal flow, suggesting a balanced approach to investment.","['SaaS', 'Fintech', 'AI']",40.0%,"{'seed': '30%', 'early': '40%', 'growth': '30%'}"
MKT1 Capital,Seed,Medium,USA,03-2022,"MKT1 Capital is a venture capital firm that invests in early-stage startups.  They focus on companies with high-growth potential in the SaaS and Fintech sectors, with a particular interest in innovative solutions for business productivity and financial technology.","['SaaS', 'Fintech']",25.0%,"{'seed': '75%', 'early': '20%', 'growth': '5%'}"
Munch.VC,Medium,Medium,USA,03-2022,"Munch.VC is a venture capital firm that invests in growth-stage companies across various sectors including SaaS, Fintech and AI. They focus on companies with strong potential for scaling and market disruption.","['SaaS', 'Fintech', 'AI']",55.0%,"{'seed': '15%', 'early': '35%', 'growth': '50%'}"
Lightning ⚡️ Ventures,Seed,Medium,USA,03-2022,"Lightning ⚡️ Ventures is a seed-stage venture capital firm focusing on investments in early-stage companies across various sectors, including SaaS, Fintech, and AI.  They are known for their support of innovative startups with high-growth potential.","['SaaS', 'Fintech', 'AI']",20.0%,"{'seed': '75%', 'early': '20%', 'growth': '5%'}"
HF Scale,Medium,Medium,USA,07-2022,"HF Scale is a growth-stage investor focusing on companies in the SaaS, Fintech, and AI sectors.  They are known for their investments in technology companies demonstrating significant market traction.","['SaaS', 'Fintech', 'AI']",55.0%,"{'seed': '15%', 'early': '30%', 'growth': '55%'}"
Australian Gulf Capital,Seed,Medium,Australia,01-2024,"Australian Gulf Capital is a venture capital firm that invests in seed-stage startups.  They focus on companies with high-growth potential across various sectors, with a regional emphasis on Australia and potentially surrounding areas.","['Technology', 'Energy', 'Fintech']",20.0%,"{'seed': '80%', 'early': '15%', 'growth': '5%'}"
Focalpoint Partners,Medium,Medium,USA,01-2024,"Focalpoint Partners is a mid-stage investment firm focusing on companies in the SaaS, Fintech, and Healthtech sectors.  They invest in companies showing strong growth potential and a clear path to market leadership.","['SaaS', 'Fintech', 'Healthtech']",40.0%,"{'seed': '10%', 'early': '30%', 'growth': '60%'}"
Mr. Wizard Ventures from Daniel Kagan,Seed,Medium,USA,01-2024,Mr. Wizard Ventures from Daniel Kagan is a seed-stage venture capital firm focusing on early-stage investments in technology companies.  They are known for supporting innovative startups across various sectors.,"['Technology', 'SaaS', 'Fintech']",20.0%,"{'seed': '75%', 'early': '20%', 'growth': '5%'}"
DataPower Ventures,Medium,Medium,USA,12-2024,DataPower Ventures is a pioneering company in Fintech.,"['AI', 'Fintech']",27.0%,"{'seed': '54%', 'early': '16%', 'growth': '7%'}"
The Executive Venture Syndicate,Seed,Medium,USA,01-2024,"The Executive Venture Syndicate is a seed-stage venture capital firm focusing on early-stage investments in high-growth companies.  They have a particular interest in technology sectors such as SaaS, Fintech, and AI.","['SaaS', 'Fintech', 'AI']",20.0%,"{'seed': '75%', 'early': '20%', 'growth': '5%'}"
Iaso Ventures,Medium,Medium,Europe,01-2024,"Iaso Ventures is a venture capital firm that focuses on investments in growth-stage companies across various sectors including SaaS, Fintech, and HealthTech in the European market.  They have a medium deal flow, suggesting a balanced investment strategy.","['SaaS', 'Fintech', 'Healthtech']",40.0%,"{'seed': '10%', 'early': '30%', 'growth': '60%'}"
Shane Feldberg,Seed,Medium,USA,01-2024,"Shane Feldberg is a seed-stage investor focusing on early-stage companies.  They likely invest across a range of sectors, given the lack of further information.","['SaaS', 'Fintech', 'Healthtech']",20.0%,"{'seed': '75%', 'early': '20%', 'growth': '5%'}"
Caravan Health Ventures,Medium,Medium,USA,present,"Caravan Health Ventures is a venture capital firm that invests in healthcare technology companies at different stages of growth, focusing on innovation and market disruption.","['Healthtech', 'SaaS']",40.0%,"{'seed': '30%', 'early': '40%', 'growth': '30%'}"
Juniper,Seed+,Medium,USA,03-2022,"Juniper is a venture capital firm that invests in seed and Series A startups. They focus on companies in the SaaS, Fintech, and AI sectors with a particular interest in companies with scalable business models. Juniper has a strong network of mentors and advisors to support their portfolio companies.","['SaaS', 'Fintech', 'AI']",30.0%,"{'seed': '60%', 'early': '30%', 'growth': '10%'}"
JourneyOne Ventures,Medium,Medium,USA,01-2024,"JourneyOne Ventures is a venture capital firm that invests in mid-stage companies across various sectors, including SaaS, Fintech, and Healthcare. They focus on companies with strong growth potential and a proven track record.","['SaaS', 'Fintech', 'Healthtech']",45.0%,"{'seed': '15%', 'early': '50%', 'growth': '35%'}"
The Healthcare Syndicate,Seed,Medium,USA,01-2024,The Healthcare Syndicate is a venture capital firm specializing in seed-stage investments within the healthcare technology sector.  They focus on early-stage companies with innovative solutions and high growth potential in various medical technology sub-sectors.,"['Healthtech', 'SaaS', 'AI']",20.0%,"{'seed': '75%', 'early': '20%', 'growth': '5%'}"
Giant Step Capital,Medium,Medium,USA,01-2024,"Giant Step Capital is a mid-stage investment firm focusing on growth-stage companies across various sectors, including SaaS, Fintech, and AI.  They have a proven track record of successful investments in promising companies with high-growth potential.","['SaaS', 'Fintech', 'AI']",50.0%,"{'seed': '10%', 'early': '30%', 'growth': '60%'}"
The Syndicate by BANA,Seed,Medium,USA,03-2022,"The Syndicate by BANA is a seed-stage investment firm focusing on early-stage companies in the SaaS and Fintech sectors, with a particular interest in innovative solutions for the financial industry.  They primarily invest in companies within the USA.","['SaaS', 'Fintech']",20.0%,"{'seed': '75%', 'early': '20%', 'growth': '5%'}"
SHORVC,Medium,Medium,USA,07-2019,"SHORVC is a venture capital firm that invests in mid-stage companies across various sectors, including SaaS, Fintech, and AI.  They have a proven track record of supporting companies through their growth journey.","['SaaS', 'Fintech', 'AI']",40.0%,"{'seed': '15%', 'early': '35%', 'growth': '50%'}"
Rendered VC,Seed,Medium,USA,03-2022,Rendered VC is a seed-stage venture capital firm focusing on investments in early-stage startups within the SaaS and Fintech sectors.  They are known for supporting innovative businesses with high-growth potential.,"['SaaS', 'Fintech']",20.0%,"{'seed': '75%', 'early': '20%', 'growth': '5%'}"
Studio Management,Medium,Medium,USA,07-2019,"Studio Management is a mid-stage investment firm concentrating on diverse sectors, including SaaS, Fintech, and Healthtech.  They support companies with scalable business models and proven traction.","['SaaS', 'Fintech', 'Healthtech']",40.0%,"{'seed': '20%', 'early': '50%', 'growth': '30%'}"
The Pitch,Seed,Medium,USA,01-2024,"The Pitch is a seed-stage investment firm focusing on early-stage companies with high-growth potential, primarily in the technology sector.  They are known for their involvement in innovative startups across various markets.","['SaaS', 'Fintech', 'AI']",20.0%,"{'seed': '75%', 'early': '20%', 'growth': '5%'}"
Tenon Ventures,Medium,Medium,USA,01-2024,"Tenon Ventures is a venture capital firm that invests in companies at various stages, focusing on technology and innovation.  Their portfolio includes companies across diverse sectors including SaaS, Fintech, and AI.","['SaaS', 'Fintech', 'AI']",40.0%,"{'seed': '30%', 'early': '40%', 'growth': '30%'}"
PaperJet Ventures,Seed+,Medium,USA,03-2022,"PaperJet Ventures is a venture capital firm that invests in seed and Series A companies.  They focus on early-stage investments in technology companies, particularly those in the SaaS, Fintech, and AI sectors. They have a strong network and a proven track record of supporting high-growth startups.","['SaaS', 'Fintech', 'AI']",30.0%,"{'seed': '60%', 'early': '30%', 'growth': '10%'}"
Untapped Ventures,Medium,Medium,USA,01-2024,"Untapped Ventures is a venture capital firm that invests in companies at the growth stage across various sectors, including SaaS, Fintech, and AI.  They focus on companies with scalable business models and strong management teams.","['SaaS', 'Fintech', 'AI']",40.0%,"{'seed': '10%', 'early': '30%', 'growth': '60%'}"
271.vc,Seed,Medium,USA,03-2023,"271.vc is a venture capital firm that invests in early-stage startups.  Their focus is broad, encompassing various sectors with a current emphasis on companies leveraging AI and SaaS technologies. They are known for supporting innovative business models.","['AI', 'SaaS', 'Fintech']",20.0%,"{'seed': '75%', 'early': '20%', 'growth': '5%'}"
Banyan,Medium,Medium,UK,12-2024,Banyan is a pioneering company in AI.,"['Fintech', 'AI']",43.0%,"{'seed': '68%', 'early': '20%', 'growth': '11%'}"
Seneca,Other,Medium,USA,01-2024,"Seneca is an investment firm focusing on various sectors, with a medium deal flow.  More information is needed to provide a more specific description.",['Unspecified'],32.06%,"{'seed': 'null', 'early': 'null', 'growth': 'null'}"
Allen Bryant,Medium,Medium,USA,01-2024,"Allen Bryant is a mid-stage investment firm focusing on companies in the SaaS and Fintech sectors, with a strong presence in the US market.  They have a portfolio of companies demonstrating consistent growth.","['SaaS', 'Fintech']",40.0%,"{'seed': '15%', 'early': '60%', 'growth': '25%'}"
Brinc,Seed,Medium,USA,01-2022,"Brinc is a seed-stage venture capital firm focusing on investments in innovative startups across various sectors, including but not limited to technology, consumer goods and renewable energy.  They are known for their support of early-stage companies with high-growth potential. ","['Technology', 'Consumer Goods', 'Renewable Energy']",20.0%,"{'seed': '75%', 'early': '20%', 'growth': '5%'}"
Katha VC // Sahith Aula,Medium,Medium,India,01-2024,"Katha VC // Sahith Aula is a venture capital firm that invests in companies at the medium stage across various sectors.  They likely focus on Indian markets, given the name, and may have a portfolio spanning technology and other industries.","['SaaS', 'Fintech', 'Healthtech']",40.0%,"{'seed': '30%', 'early': '40%', 'growth': '30%'}"
Beyond Earth Technologies,Seed,Medium,USA,01-2024,"Beyond Earth Technologies is a seed-stage company focused on developing innovative technologies.  They are likely working on solutions with high growth potential, possibly in the sustainable technology or space exploration sectors.","['Cleantech', 'Space Technology']",20.0%,"{'seed': '75%', 'early': '20%', 'growth': '5%'}"
Cobble Hill Ventures,Medium,Medium,USA,01-2024,"Cobble Hill Ventures is a venture capital firm that invests in companies at various stages of growth, focusing on technology and healthcare sectors.  Their portfolio includes companies with innovative solutions for both B2B and B2C markets.","['SaaS', 'Fintech', 'Healthtech']",40.0%,"{'seed': '30%', 'early': '40%', 'growth': '30%'}"
Duro Ventures,Series B,Low,USA,02-2015,"Duro Ventures is a venture capital firm that invests in growth-stage companies across various sectors, including SaaS, Fintech, and Healthtech.  They have a particular interest in companies with strong technological innovation and scalable business models.","['SaaS', 'Fintech', 'Healthtech']",60.0%,"{'seed': '10%', 'early': '20%', 'growth': '70%'}"
Barney Pell,Medium,Low,USA,01-2024,"Barney Pell is a venture capitalist firm focusing on mid-stage investments, concentrating on companies within the AI and SaaS sectors, with a history of supporting companies showing steady growth. ","['AI', 'SaaS']",40.0%,"{'seed': '15%', 'early': '35%', 'growth': '50%'}"
Capital Factory,Seed,Low,USA,01-2024,Capital Factory is a seed-stage investor focusing on early-stage startups.  They concentrate on companies with innovative technologies and high-growth potential.,"['SaaS', 'Fintech', 'AI']",20.0%,"{'seed': '75%', 'early': '20%', 'growth': '5%'}"
Inovexus Ventures,Medium,Low,Europe,01-2024,"Inovexus Ventures is a venture capital firm that focuses on mid-stage companies in Europe.  They invest across various sectors, including SaaS, Fintech, and Healthtech, supporting companies with their growth and expansion strategies.","['SaaS', 'Fintech', 'Healthtech']",50.0%,"{'seed': '10%', 'early': '30%', 'growth': '60%'}"
500 Global,Seed+,Low,USA,01-2010,"500 Global is a global venture capital firm investing in early-stage startups across various sectors, including SaaS, Fintech, and AI.  Their Seed+ focus indicates investments in companies beyond the very initial seed stage, showing a commitment to supporting companies through their growth trajectory.","['SaaS', 'Fintech', 'AI']",25.0%,"{'seed': '60%', 'early': '30%', 'growth': '10%'}"
Nelstone Ventures,Medium,Low,USA,01-2024,"Nelstone Ventures is a venture capital firm that invests in companies at various stages, focusing on the technology and healthcare sectors.  They have a medium stage focus and a relatively low deal flow, suggesting a more selective investment approach.","['SaaS', 'Healthtech']",40.0%,"{'seed': '30%', 'early': '40%', 'growth': '30%'}"
undefined Syndicate,Pre-Seed,Low,USA,01-2024,"undefined Syndicate is a venture capital firm that invests in early-stage companies.  Their focus is on pre-seed investments, supporting startups in their initial stages of development.","['SaaS', 'Fintech']",15.0%,"{'seed': '80%', 'early': '15%', 'growth': '5%'}"
Pete Soderling,Medium,Low,USA,01-2024,"Pete Soderling is a mid-stage company, focusing on investments in various sectors.  Further information is needed to provide a more detailed description.",['Unspecified'],40.0%,"{'seed': '30%', 'early': '40%', 'growth': '30%'}"
Jake Seid,Pre-Seed,Low,USA,01-2024,"Jake Seid is an investor focusing on pre-seed stage startups.  Given their stage, they likely invest across a range of sectors with a focus on high-growth potential.","['SaaS', 'Fintech', 'Healthtech']",15.0%,"{'seed': '85%', 'early': '10%', 'growth': '5%'}"
N49P,Medium,Low,USA,01-2024,N49P is a mid-stage company with a focus on technology investments.  They have a moderate deal flow and are likely involved in various sectors.,"['SaaS', 'Fintech', 'AI']",40.0%,"{'seed': '15%', 'early': '35%', 'growth': '50%'}"
Ankur Nagpal,Seed,Low,USA,01-2024,Ankur Nagpal is an angel investor focusing on seed-stage startups.  His investments span various sectors showing a diverse portfolio.,"['SaaS', 'Fintech', 'AI']",20.0%,"{'seed': '75%', 'early': '20%', 'growth': '5%'}"
PIRQUE ΔHEΔD,Medium,Low,USA,07-2022,PIRQUE ΔHEΔD is a mid-stage firm with a focus on  investments in promising companies across various sectors.  They have a balanced portfolio and exhibit a measured investment approach.,"['SaaS', 'Fintech', 'Healthtech']",35.0%,"{'seed': '15%', 'early': '60%', 'growth': '25%'}"
Fractal Venture Investments,Pre-Seed,Low,India,01-2024,"Fractal Venture Investments is a venture capital firm that invests in early-stage companies, focusing on pre-seed investments. Their portfolio includes startups with high-growth potential across various sectors.","['Fintech', 'SaaS', 'Healthtech']",15.0%,"{'seed': '80%', 'early': '15%', 'growth': '5%'}"
SaaSholic,Medium,Low,USA,01-2022,"SaaSholic is a company focused on providing SaaS solutions, currently in its medium stage of development.  They are focused on the US market and concentrate on business-to-business SaaS products.","['SaaS', 'B2B']",40.0%,"{'seed': '15%', 'early': '60%', 'growth': '25%'}"
Wuri Ventures,Series A,Low,USA,03-2022,"Wuri Ventures is a venture capital firm that invests in Series A startups primarily in the technology sector, with a focus on SaaS and Fintech companies demonstrating strong potential for growth within the US market.","['SaaS', 'Fintech']",45.0%,"{'seed': '10%', 'early': '70%', 'growth': '20%'}"
Frontierspace VC,Medium,Low,Europe,01-2024,"Frontierspace VC is a venture capital firm that invests in companies at various stages, focusing on innovative technologies and sustainable solutions.  Their portfolio includes a mix of companies across various sectors, reflecting their broad investment strategy.","['SaaS', 'Fintech', 'Healthtech']",40.0%,"{'seed': '30%', 'early': '40%', 'growth': '30%'}"
The MBA Fund,Pre-Seed,Low,USA,03-2022,"The MBA Fund is a venture capital firm that invests in early-stage companies.  They focus on pre-seed and seed-stage investments, primarily in technology and consumer product sectors.  Their portfolio includes promising startups with high growth potential.","['Technology', 'Consumer Products']",15.0%,"{'seed': '80%', 'early': '15%', 'growth': '5%'}"
Benjamin Bryant's Access Fund,Medium,Low,USA,01-2024,"Benjamin Bryant's Access Fund is a fund that invests in companies at a medium stage across various markets.  Given its focus and stage, it likely invests in established companies with a proven track record, possibly in the SaaS or Fintech sectors.","['SaaS', 'Fintech']",40.0%,"{'seed': '10%', 'early': '30%', 'growth': '60%'}"
The Nordic Web,Series A,Low,Europe,03-2019,"The Nordic Web is a venture capital firm that invests in early and growth-stage companies in the Nordic region, focusing on SaaS, Fintech, and AI sectors.  They have a particular interest in companies with a strong digital presence and scalable business models.","['SaaS', 'Fintech', 'AI']",45.0%,"{'seed': '30%', 'early': '60%', 'growth': '10%'}"
P1 Ventures,Medium,Low,India,07-2022,"P1 Ventures is a venture capital firm that invests in growth-stage companies across various sectors, including technology, healthcare, and consumer goods. They focus on companies with strong potential for expansion and market leadership in India.","['Technology', 'Healthcare', 'Consumer Goods']",50.0%,"{'seed': '20%', 'early': '30%', 'growth': '50%'}"
Cabra VC,Pre-Seed,Low,USA,01-2024,Cabra VC is a venture capital firm that invests in pre-seed stage startups.  They focus on companies with innovative ideas in various sectors.,"['SaaS', 'Fintech', 'Healthtech']",10.0%,"{'seed': '80%', 'early': '15%', 'growth': '5%'}"
Inuka Capital,Medium,Low,UK,03-2019,"Inuka Capital is a mid-stage investment firm focusing on growth-stage companies in the UK.  They primarily invest in companies within the Fintech and SaaS sectors, with a focus on sustainable and scalable business models.","['Fintech', 'SaaS']",55.0%,"{'seed': '10%', 'early': '35%', 'growth': '55%'}"
"Arka Venture Labs (Fund II) (India-US preseed fund, 38 investmen",Seed,Low,Unknown,,Unknown,Unknown,32.06%,
Amara.VC,Medium,Low,UK,12-2024,Amara.VC is a pioneering company in AI.,"['AI', 'Healthtech']",11.0%,"{'seed': '68%', 'early': '17%', 'growth': '16%'}"
Not Boring,Series A,Low,USA,01-2024,"Not Boring is a venture capital firm that invests in Series A companies, focusing on technology and innovation.  They have a portfolio of companies across various sectors.","['SaaS', 'Fintech', 'AI']",45.0%,"{'seed': '10%', 'early': '60%', 'growth': '30%'}"
Newlin.vc,Medium,Low,USA,present,"Newlin.vc is a venture capital firm that invests in companies at the medium stage of development, focusing on technology and innovation across various sectors.  They have a lower deal flow, suggesting a more selective investment approach.","['SaaS', 'Fintech', 'AI']",40.0%,"{'seed': '10%', 'early': '30%', 'growth': '60%'}"
Kube VC,Pre-Seed,Low,USA,01-2024,"Kube VC is a venture capital firm that invests in early-stage startups, focusing on pre-seed and seed rounds.  Their portfolio includes companies in the SaaS, Fintech and AI sectors. They have a strong focus on supporting innovative businesses with high growth potential.","['SaaS', 'Fintech', 'AI']",15.0%,"{'seed': '80%', 'early': '15%', 'growth': '5%'}"
Prithvi Ventures,Medium,Low,India,05-2019,"Prithvi Ventures is an Indian venture capital firm that invests in growth-stage companies across various sectors including technology, healthcare, and consumer goods.  They focus on companies with strong potential for expansion in the Indian market.","['Technology', 'Healthcare', 'Consumer Goods']",55.0%,"{'seed': '10%', 'early': '35%', 'growth': '55%'}"
Evolutionary Ventures,Pre-Seed,Low,USA,03-2023,"Evolutionary Ventures is a venture capital firm that invests in early-stage companies, focusing on innovative technologies and sustainable solutions.  They are currently concentrating on Pre-Seed investments and have a portfolio with a focus on positive impact.","['Cleantech', 'AI', 'Healthtech']",15.0%,"{'seed': '85%', 'early': '10%', 'growth': '5%'}"
Great Circle Ventures,Medium,Low,USA,03-2022,"Great Circle Ventures is a venture capital firm that invests in growth-stage companies across various sectors, including SaaS, Fintech, and Healthcare. They have a focus on companies with scalable business models and strong management teams.  They are known for their long-term investment approach and support of portfolio companies.","['SaaS', 'Fintech', 'Healthtech']",55.0%,"{'seed': '15%', 'early': '30%', 'growth': '55%'}"
Calculated Leap Ventures,Series A,Low,USA,01-2024,"Calculated Leap Ventures is a venture capital firm that invests in Series A companies, focusing on innovative startups in the technology sector.  They have a particular interest in companies with high growth potential and scalable business models.","['SaaS', 'Fintech']",45.0%,"{'seed': '15%', 'early': '60%', 'growth': '25%'}"
Tech Investor Club - Syndicate,Medium,Low,USA,01-2022,Tech Investor Club - Syndicate is a venture capital firm that invests in technology companies across various sectors.  They focus on companies in the growth stage and have a moderate deal flow.,"['SaaS', 'Fintech', 'AI']",40.0%,"{'seed': '15%', 'early': '35%', 'growth': '50%'}"
DayDream Ventures,Seed+,Low,USA,03-2022,"DayDream Ventures is a seed-stage venture capital firm focusing on early-stage investments in innovative startups across various sectors including SaaS, Fintech, and AI. They are based in the USA and have a portfolio of companies with high growth potential.","['SaaS', 'Fintech', 'AI']",25.0%,"{'seed': '70%', 'early': '20%', 'growth': '10%'}"
Ten31 Bitcoin and Freedom Tech Syndicate,Medium,Low,USA,01-2024,Ten31 Bitcoin and Freedom Tech Syndicate is a mid-stage investment firm concentrating on companies within the Fintech and blockchain sectors.  They are known for supporting companies with innovative solutions in cryptocurrency and decentralized technologies.,"['Fintech', 'Blockchain', 'Cryptocurrency']",40.0%,"{'seed': '15%', 'early': '55%', 'growth': '30%'}"
TDV Partners (US) | Ujwal's Syndicate,Seed+,Low,USA,01-2024,TDV Partners (US) | Ujwal's Syndicate is a venture capital firm focusing on Seed+ investments in early-stage companies.  They likely concentrate on  high-growth potential startups in technology sectors.,"['SaaS', 'Fintech', 'AI']",20.0%,"{'seed': '70%', 'early': '25%', 'growth': '5%'}"
Nomad Ventures,Medium,Low,USA,07-2022,"Nomad Ventures is a venture capital firm that invests in companies at various stages of development, focusing on technology and innovative solutions.  They have a particular interest in businesses scaling rapidly and are active across multiple sectors.","['SaaS', 'Fintech', 'AI']",40.0%,"{'seed': '30%', 'early': '40%', 'growth': '30%'}"
GoodTech Electric,Seed+,Low,USA,01-2022,GoodTech Electric is a seed+ stage company focused on developing innovative electric vehicle technologies.  They are currently focused on securing seed funding to support further R&D and initial product launches.,"['Cleantech', 'Automotive']",20.0%,"{'seed': '75%', 'early': '20%', 'growth': '5%'}"
Network Ventures Syndicate,Medium,Low,USA,03-2022,"Network Ventures Syndicate is a venture capital firm that invests in various sectors, including SaaS, Fintech, and HealthTech.  They focus on companies in the growth stage and have a portfolio of promising companies with high-growth potential.","['SaaS', 'Fintech', 'Healthtech']",55.0%,"{'seed': '15%', 'early': '30%', 'growth': '55%'}"
Ayuh Ventures,Seed,Low,India,01-2022,"Ayuh Ventures is a seed-stage venture capital firm that invests in early-stage startups across various sectors, with a focus on the Indian market.  They are known for supporting innovative solutions.","['SaaS', 'Fintech', 'Healthtech']",20.0%,"{'seed': '75%', 'early': '20%', 'growth': '5%'}"
Maya Bakhai,Medium,Low,USA,present,"Maya Bakhai is a mid-stage investment firm focusing on companies in the SaaS and Fintech sectors, with a particular interest in innovative solutions for business processes.  They have a moderate deal flow and a portfolio of companies showing moderate growth.","['SaaS', 'Fintech']",40.0%,"{'seed': '10%', 'early': '60%', 'growth': '30%'}"
Atman,Seed,Low,USA,01-2023,"Atman is a seed-stage company focusing on early-stage investments with a low deal flow, possibly concentrating on a niche market within the USA.  More information is needed to provide a more detailed description.",['SaaS'],20.0%,"{'seed': '80%', 'early': '15%', 'growth': '5%'}"
Kindergarten Ventures,Medium,Low,UK,12-2024,Kindergarten Ventures is a pioneering company in AI.,"['Fintech', 'AI']",17.0%,"{'seed': '65%', 'early': '29%', 'growth': '7%'}"
"Textbook Ventures - Founders from Columbia, Cornell, and NYU",Seed+,Low,USA,01-2024,"Textbook Ventures is a venture capital firm founded by individuals from prestigious universities like Columbia, Cornell, and NYU.  They focus on Seed+ stage investments, concentrating on companies with strong potential in various sectors.","['Technology', 'SaaS', 'Fintech']",20.0%,"{'seed': '70%', 'early': '20%', 'growth': '10%'}"
Arkstons Capital,Medium,Low,USA,03-2022,"Arkstons Capital is a mid-stage investment firm focusing on growth-oriented companies in the technology sector, particularly within SaaS, Fintech, and AI.","['SaaS', 'Fintech', 'AI']",55.0%,"{'seed': '15%', 'early': '30%', 'growth': '55%'}"
Sunflower Fund,Series B,Low,USA,03-2015,Sunflower Fund is a venture capital firm that invests in growth-stage companies.  They focus on companies in the SaaS and Fintech sectors with a proven track record and strong potential for scaling.,"['SaaS', 'Fintech']",60.0%,"{'seed': '10%', 'early': '20%', 'growth': '70%'}"
Caisson Capital Ventures,Medium,Low,USA,present,"Caisson Capital Ventures is a venture capital firm that invests in companies at various stages of development, with a focus on the technology and healthcare sectors.  Their investments span diverse markets and include both early and growth-stage companies.","['Technology', 'Healthcare', 'SaaS']",40.0%,"{'seed': '30%', 'early': '40%', 'growth': '30%'}"
Ollie Howie,Seed,Low,USA,01-2024,"Ollie Howie is a seed-stage venture capital firm focusing on early-stage investments.  They are likely concentrated in a specific sector, although further information is needed to specify.","['SaaS', 'Fintech']",20.0%,"{'seed': '75%', 'early': '20%', 'growth': '5%'}"
Potluck Ventures (backing #AAPI founders),Medium,Low,USA,01-2020,"Potluck Ventures is a venture capital firm that invests in companies founded by Asian-American and Pacific Islander entrepreneurs.  They focus on a variety of sectors including SaaS, Fintech, and Healthtech, and have a medium stage investment strategy.","['SaaS', 'Fintech', 'Healthtech']",40.0%,"{'seed': '30%', 'early': '50%', 'growth': '20%'}"
Mute Ventures,Pre-Seed,Low,USA,03-2023,Mute Ventures is a venture capital firm that invests in early-stage startups.  They focus on pre-seed investments and have a portfolio concentrated in the SaaS and Fintech sectors.,"['SaaS', 'Fintech']",15.0%,"{'seed': '80%', 'early': '15%', 'growth': '5%'}"
Gonio Ventures,Medium,Low,USA,01-2024,Gonio Ventures is a venture capital firm that invests in companies at the medium stage across various sectors.  They have a focus on companies with strong growth potential and typically invest in the technology and consumer sectors.,"['SaaS', 'Fintech', 'Healthtech']",40.0%,"{'seed': '10%', 'early': '30%', 'growth': '60%'}"
Youth Development Fund,Series A,Low,USA,03-2022,"Youth Development Fund is a venture capital firm that invests in early and growth-stage companies focused on youth empowerment and development.  Their investments span various sectors including EdTech, social impact, and community development initiatives.","['EdTech', 'Social Impact']",45.0%,"{'seed': '15%', 'early': '60%', 'growth': '25%'}"
Tremis Capital US,Medium,Low,USA,01-2024,Tremis Capital US is a mid-stage investment firm focusing on technology companies across various sectors.  They have a moderate deal flow and invest in companies showing strong growth potential.,"['SaaS', 'Fintech', 'Healthtech']",40.0%,"{'seed': '15%', 'early': '55%', 'growth': '30%'}"
AdValorem Syndicate,Seed,Low,USA,03-2022,"AdValorem Syndicate is a seed-stage investment firm focusing on early-stage startups with high-growth potential in various sectors, including SaaS, Fintech, and AI.  They concentrate on providing funding and mentorship to promising ventures.","['SaaS', 'Fintech', 'AI']",20.0%,"{'seed': '75%', 'early': '20%', 'growth': '5%'}"
Rob Hanna / Enduring Ventures,Seed,Low,USA,01-2022,"Rob Hanna / Enduring Ventures is a seed-stage venture capital firm focusing on early-stage investments in technology companies.  They have a particular interest in startups developing innovative solutions within the SaaS and Fintech sectors, with a focus on the US market.","['SaaS', 'Fintech']",20.0%,"{'seed': '75%', 'early': '20%', 'growth': '5%'}"
Intbox Ventures,Pre-Seed,Low,USA,01-2024,"Intbox Ventures is a venture capital firm that invests in early-stage startups, focusing on pre-seed funding rounds.  They are known for supporting innovative companies across various sectors.","['SaaS', 'Fintech', 'AI']",10.0%,"{'seed': '80%', 'early': '10%', 'growth': '10%'}"
TopazProp Ventures,Pre-Seed,Low,USA,01-2024,TopazProp Ventures is a venture capital firm that invests in early-stage real estate technology companies.  They focus on pre-seed and seed investments and have a portfolio of innovative proptech startups.,"['Real Estate Technology', 'Fintech', 'SaaS']",15.0%,"{'seed': '80%', 'early': '15%', 'growth': '5%'}"
Melzi VC,Seed+,Low,Europe,01-2022,"Melzi VC is a venture capital firm that invests in early-stage startups, focusing on Seed+ rounds.  They have a particular interest in companies developing innovative solutions within the SaaS and Fintech sectors across Europe.","['SaaS', 'Fintech']",25.0%,"{'seed': '60%', 'early': '30%', 'growth': '10%'}"
Majic Capital,Seed+,Low,USA,03-2023,"Majic Capital is a seed-stage venture capital firm focusing on early-stage investments in technology companies.  They are particularly interested in startups within the AI and SaaS sectors, with a regional focus on the US market. ","['AI', 'SaaS']",20.0%,"{'seed': '75%', 'early': '20%', 'growth': '5%'}"
SUM Ventures,Seed,Low,USA,01-2022,"SUM Ventures is a seed-stage venture capital firm focusing on investments in early-stage startups across various sectors, including SaaS, Fintech, and AI.  They have a strong network and are known for supporting innovative businesses with high growth potential.","['SaaS', 'Fintech', 'AI']",20.0%,"{'seed': '75%', 'early': '20%', 'growth': '5%'}"
The Mycelorium,Seed,Low,USA,03-2023,The Mycelorium is a seed-stage venture capital firm focusing on early-stage investments in sustainable technology and biotechnology companies.  They are particularly interested in innovative solutions addressing environmental challenges.,"['Biotechnology', 'Cleantech', 'Sustainable Tech']",20.0%,"{'seed': '75%', 'early': '20%', 'growth': '5%'}"
Cavallon AI,Seed,Low,USA,01-2024,Cavallon AI is a seed-stage company focused on developing cutting-edge AI solutions.  Their work likely centers on innovative applications of artificial intelligence.,"['AI', 'SaaS']",20.0%,"{'seed': '75%', 'early': '20%', 'growth': '5%'}"
Storied Ventures,Seed,Low,USA,03-2022,Storied Ventures is a seed-stage venture capital firm that invests in early-stage startups.  They focus on companies with strong narratives and innovative products across diverse sectors.,"['SaaS', 'Fintech', 'Healthtech']",20.0%,"{'seed': '75%', 'early': '20%', 'growth': '5%'}"
Sober Capital,Seed,New,USA,01-2024,"Sober Capital is a new seed-stage investment firm focusing on early-stage companies.  They are likely to invest across various sectors, focusing on high-growth potential.","['SaaS', 'Fintech', 'Healthtech']",20.0%,"{'seed': '85%', 'early': '10%', 'growth': '5%'}"
Galactic Ventures,Seed+,New,USA,03-2023,"Galactic Ventures is a new venture capital firm focusing on seed and Series A investments in space technology and related sectors.  They are particularly interested in companies developing innovative solutions for space exploration, satellite technology, and related fields.","['Aerospace', 'AI', 'SaaS']",32.06%,"{'seed': '80%', 'early': '15%', 'growth': '5%'}"
Maverick Ventures,Seed,New,USA,01-2024,"Maverick Ventures is a venture capital firm that invests in early-stage companies.  Given their seed stage focus, they likely concentrate on innovative startups with high-growth potential, possibly across diverse sectors like SaaS, Fintech, or emerging technologies.","['SaaS', 'Fintech', 'AI']",0.0%,"{'seed': '90%', 'early': '10%', 'growth': '0%'}"
Riceberg Ventures,Seed,New,USA,01-2024,"Riceberg Ventures is a new seed-stage venture capital firm focusing on early-stage investments.  They are likely targeting companies in the technology sector, given the current market trends.","['SaaS', 'Fintech', 'AI']",32.06%,"{'seed': '90%', 'early': '5%', 'growth': '5%'}"
Hero's Journey Capital,Pre-Seed,New,USA,01-2024,Hero's Journey Capital is a venture capital firm that invests in pre-seed stage startups.  They focus on companies with innovative ideas and strong potential for growth in various sectors.,"['SaaS', 'Fintech', 'Healthtech']",32.06%,"{'seed': '85%', 'early': '10%', 'growth': '5%'}"
Ikigai Syndicate,Seed,New,Europe,12-2024,Ikigai Syndicate is a pioneering company in SaaS.,"['Fintech', 'SaaS']",75.0%,"{'seed': '69%', 'early': '12%', 'growth': '16%'}"
Meandros Ventures,Seed,New,Europe,01-2024,Meandros Ventures is a new venture capital firm focusing on seed-stage investments in European technology companies.  They are likely to concentrate on high-growth potential startups within the SaaS and Fintech sectors.,"['SaaS', 'Fintech']",20.0%,"{'seed': '85%', 'early': '10%', 'growth': '5%'}"
co/fund,Seed,New,USA,01-2024,co/fund is a new seed-stage investment firm likely focusing on early-stage startups.  More information is needed to provide a detailed description of their focus and investment areas.,['Unspecified'],32.06%,"{'seed': '100%', 'early': '0%', 'growth': '0%'}"
Sola View Investments I - Med Tech,Pre-Seed,New,USA,01-2024,Sola View Investments I - Med Tech is a new investment firm focusing on the Med Tech industry.  They are currently in the pre-seed stage and are expected to make investments in innovative medical technology companies.,"['Healthtech', 'Medical Technology']",32.06%,"{'seed': '85%', 'early': '10%', 'growth': '5%'}"
Stardust Ventures,Seed,New,India,01-2024,"Stardust Ventures is a new seed-stage venture capital firm focusing on early-stage investments in Indian startups across various sectors, including technology, healthcare, and consumer goods.","['Technology', 'Healthcare', 'Consumer Goods']",20.0%,"{'seed': '75%', 'early': '20%', 'growth': '5%'}"
Model Ventures,Seed,New,USA,01-2024,Model Ventures is a seed-stage venture capital firm focusing on early-stage investments in technology companies.  They are known for their expertise in identifying promising startups with high-growth potential across various sectors.,"['AI', 'SaaS', 'Fintech']",20.0%,"{'seed': '75%', 'early': '20%', 'growth': '5%'}"
Jessie Wu,Pre-Seed,New,USA,01-2024,"Jessie Wu is a new venture focusing on early-stage investments, likely in the technology sector given the current trends.  More information is needed to provide a more detailed description.",['Technology'],32.06%,"{'seed': '90%', 'early': '10%', 'growth': '0%'}"
BuildTech,Seed,New,USA,01-2024,BuildTech is a seed-stage company focused on building innovative technology solutions.  Further information is needed to provide a more detailed description.,"['SaaS', 'Fintech']",0.0%,"{'seed': '100%', 'early': '0%', 'growth': '0%'}"
