Company,Stage,Dealflow,company name,stage,dealsflow,region,creation date,description,markets,follow on rate,investment by stage,market value
Flight.VC Syndicate,Seed,High,Flight.VC Syndicate,Seed,High,USA,10-2021,"Flight.VC Syndicate is a VC firm investing in high-growth companies in AI, ML, and consumer product sectors. They focus on early-stage investments and have a strong track record of successful exits.","['AI / ML', 'Finance', 'Consumer Product']",36%,"{'seed': '65%', 'early': '24%', 'growth': '5%'}",247M$
MyAsiaVC,Seed,High,MyAsiaVC,Seed,High,India,09-2020,"MyAsiaVC invests in early-stage startups across the AI, SaaS, and Fintech sectors. They are focused on the Indian market with a keen interest in innovative solutions for emerging markets.  Their high deal flow suggests a proactive investment strategy.","['AI', 'SaaS', 'Fintech']",20%,"{'seed': '73%', 'early': '26%', 'growth': '9%'}",120M$
Rob Ness,Seed,High,Rob Ness,Seed,High,USA,present,Rob Ness is a seed-stage venture capital firm focusing on early-stage investments in high-growth companies.  They likely concentrate on technology sectors showing significant potential.,"['Technology', 'SaaS', 'Fintech']",36%,"{'seed': '65%', 'early': '24%', 'growth': '5%'}",20M$
Unpopular Ventures,Seed,High,Unpopular Ventures,Seed,High,USA,Present,Unpopular Ventures is a VC firm that invests in a diverse range of early-stage companies.  Their high deal flow suggests a focus on identifying and backing innovative startups with high growth potential across various sectors.,"['SaaS', 'Fintech', 'AI']",36%,"{'seed': '65%', 'early': '24%', 'growth': '5%'}",247M$
Mana Ventures,Seed,High,Mana Ventures,Seed,High,USA,Present,"Mana Ventures is a venture capital firm that invests in early-stage companies with a focus on high-growth potential.  Their investments span various sectors including SaaS, Fintech, and AI.","['SaaS', 'Fintech', 'AI']",36%,"{'seed': '65%', 'early': '24%', 'growth': '5%'}",200M$
Riverside Ventures,Seed,High,Riverside Ventures,Seed,High,USA,Present,"Riverside Ventures is a venture capital firm that invests in early-stage companies.  Their high deal flow suggests a focus on a broad range of sectors, possibly including SaaS, Fintech, and others, with a strong emphasis on companies with high growth potential.","['SaaS', 'Fintech', 'AI']",30%,"{'seed': '70%', 'early': '20%', 'growth': '10%'}",150M$
Zachary Ginsburg || Calm Ventures' Syndicate,Seed,High,Zachary Ginsburg || Calm Ventures' Syndicate,Seed,High,USA,Present,"Zachary Ginsburg || Calm Ventures' Syndicate is a seed-stage venture capital firm focused on early-stage investments.  They likely invest across a range of sectors, given the syndicate model, potentially including SaaS, Fintech and others.","['SaaS', 'Fintech', 'AI']",36%,"{'seed': '65%', 'early': '24%', 'growth': '5%'}",247M$
Better Capital,Pre-Seed,High,Better Capital,Pre-Seed,High,UK,Present,"Better Capital is a venture capital firm that invests in early-stage startups, focusing on pre-seed and seed rounds.  Their high deal flow suggests a focus on a broad range of sectors with high growth potential within the UK.","['Fintech', 'SaaS', 'AI']",null,"{'seed': '80%', 'early': '15%', 'growth': '5%'}",50M$
Unwritten Capital,Seed,High,Unwritten Capital,Seed,High,USA,Present,"Unwritten Capital is a seed-stage venture capital firm with a high deal flow, focusing on investments in promising companies across various sectors.  They are known for their rapid investment decisions and strong network.","['Fintech', 'SaaS', 'Healthtech']",30%,"{'seed': '80%', 'early': '15%', 'growth': '5%'}",50M$
SCVC,Seed,High,SCVC,Seed,High,USA,03-2022,"SCVC is a venture capital firm that invests in early-stage companies, focusing on seed rounds.  Their investments span various sectors including SaaS, Fintech, and AI, with a high deal flow indicating a focus on identifying and funding promising startups.","['SaaS', 'Fintech', 'AI']",36%,"{'seed': '75%', 'early': '20%', 'growth': '5%'}",150M$
Gold Dragon Ventures,Seed,High,Gold Dragon Ventures,Seed,High,India,Present,"Gold Dragon Ventures is a venture capital firm that invests in early-stage companies across various sectors, including FinTech, SaaS, and AI, with a focus on the Indian market.  They are known for their high deal flow and support for innovative startups.","['Fintech', 'SaaS', 'AI']",20%,"{'seed': '75%', 'early': '20%', 'growth': '5%'}",50M$
Climate Capital,Seed,High,Climate Capital,Seed,High,USA,03-2022,"Climate Capital is a venture capital firm that invests in seed-stage companies focused on climate technology and sustainability solutions.  They are known for their high deal flow and focus on early-stage, high-growth potential.","['Climate Tech', 'Clean Energy', 'Sustainability']",36%,"{'seed': '70%', 'early': '20%', 'growth': '10%'}",150M$
DVC,Seed,High,DVC,Seed,High,USA,Present,"DVC is a venture capital firm that invests in early-stage companies.  They focus on high-growth potential and have a strong network in the technology sector. Their portfolio includes companies in various sectors such as SaaS, Fintech and AI.","['SaaS', 'Fintech', 'AI']",36%,"{'seed': '65%', 'early': '24%', 'growth': '5%'}",200M$
SuperAngel.Fund,Pre-Seed,High,SuperAngel.Fund,Pre-Seed,High,USA,03-2022,SuperAngel.Fund is a venture capital firm that invests in pre-seed and seed-stage startups with a focus on disruptive technologies and innovative business models.  They have a strong network and a keen eye for identifying high-potential companies.,"['AI', 'Fintech', 'SaaS']",25%,"{'seed': '80%', 'early': '15%', 'growth': '5%'}",150M$
Austin Walker || Rhone VC,Other,High,Austin Walker || Rhone VC,Other,High,USA,Present,"Austin Walker || Rhone VC is a venture capital firm with a high deal flow, focusing on investments across various sectors.  Their 'Other' stage classification suggests a broad investment strategy, potentially spanning seed to later stages depending on the opportunity.","['SaaS', 'Fintech', 'AI', 'Healthtech']",50%,"{'seed': '30%', 'early': '40%', 'growth': '30%'}",500M$
Reinforced Ventures,Seed,High,Reinforced Ventures,Seed,High,USA,Present,"Reinforced Ventures is a venture capital firm that invests in early-stage companies with a focus on artificial intelligence and machine learning.  They have a high deal flow, suggesting a proactive investment strategy and a large pipeline of potential portfolio companies.","['AI', 'ML', 'SaaS']",36%,"{'seed': '70%', 'early': '20%', 'growth': '10%'}",150M$
Red Beard Ventures,Seed,High,Red Beard Ventures,Seed,High,USA,03-2022,"Red Beard Ventures is a venture capital firm that invests in early-stage companies, focusing on seed-stage investments with high growth potential across various sectors including SaaS, Fintech, and AI.","['SaaS', 'Fintech', 'AI']",36%,"{'seed': '65%', 'early': '24%', 'growth': '5%'}",250M$
Allied Venture Partners,Seed,High,Allied Venture Partners,Seed,High,USA,Present,"Allied Venture Partners is a venture capital firm that invests in early-stage companies across various sectors, including SaaS, Fintech, and AI.  They focus on seed-stage investments with high growth potential.","['SaaS', 'Fintech', 'AI']",36%,"{'seed': '65%', 'early': '24%', 'growth': '5%'}",200M$
Palumni VC,Seed,High,Palumni VC,Seed,High,India,12-2024,Palumni VC is a pioneering company in AI.,"['SaaS', 'Healthtech']",81%,"{'seed': '53%', 'early': '14%', 'growth': '10%'}",58$
Exitfund Ventures,Seed,High,Exitfund Ventures,Seed,High,USA,03-2022,Exitfund Ventures is a venture capital firm that invests in early-stage companies with high growth potential.  Their focus is on seed stage investments and they have a strong network within the technology sector.,"['SaaS', 'Fintech', 'AI']",36%,"{'seed': '70%', 'early': '20%', 'growth': '10%'}",150M$
Middle Cove Capital,Seed+,High,Middle Cove Capital,Seed+,High,USA,01-2022,"Middle Cove Capital is a venture capital firm that invests in seed and Series A startups with a focus on technology and consumer goods.  They have a high deal flow and invest in companies across various sectors including SaaS, Fintech, and AI.","['SaaS', 'Fintech', 'AI', 'Consumer Goods']",36%,"{'seed': '65%', 'early': '24%', 'growth': '11%'}",250M$
Umami Capital,Seed,High,Umami Capital,Seed,High,USA,11-2022,"Umami Capital is a venture capital firm that invests in seed-stage companies with a focus on innovative technologies and high-growth potential.  Their portfolio includes companies across various sectors including SaaS, Fintech, and AI.","['SaaS', 'Fintech', 'AI']",36%,"{'seed': '65%', 'early': '24%', 'growth': '5%'}",250M$
Ventioneers,Other,High,Ventioneers,Other,High,USA,Present,"Ventioneers is a venture capital firm with a focus on diverse investments across various sectors, given their 'Other' stage classification.  They likely have a broad portfolio and a high deal flow, indicating significant activity in the market.","['SaaS', 'Fintech', 'Healthtech', 'AI']",25%,"{'seed': '20%', 'early': '30%', 'growth': '50%'}",500M$
Climate Capital Syndicate,Seed,High,Climate Capital Syndicate,Seed,High,USA,03-2022,"Climate Capital Syndicate is a venture capital firm specializing in seed-stage investments in climate technology and sustainability-focused startups.  They focus on companies developing innovative solutions for renewable energy, carbon capture, and sustainable agriculture.","['Cleantech', 'Renewable Energy', 'Agriculture']",36%,"{'seed': '65%', 'early': '24%', 'growth': '5%'}",250M$
Cool Climate Collective,Seed,High,Cool Climate Collective,Seed,High,USA,Present,"Cool Climate Collective is a seed-stage venture capital firm focusing on investments in climate-tech companies.  They have a high deal flow, suggesting significant activity and interest in the sector.","['Climate Tech', 'Clean Energy', 'Sustainability']",36%,"{'seed': '65%', 'early': '24%', 'growth': '5%'}",150M$
Revere Partners,Series A,High,Revere Partners,Series A,High,USA,Present,"Revere Partners is a venture capital firm that invests in Series A companies across various sectors, including SaaS, Fintech, and AI.  They have a strong focus on high-growth potential and a history of successful investments.","['SaaS', 'Fintech', 'AI']",45%,"{'seed': '15%', 'early': '60%', 'growth': '25%'}",150M$
Engineering Leaders Community Angels,Seed,High,Engineering Leaders Community Angels,Seed,High,USA,Present,Engineering Leaders Community Angels is a seed-stage investment firm focusing on early-stage companies in the technology sector. They invest in companies with strong engineering leadership and a clear path to growth.,"['SaaS', 'Fintech', 'AI']",36%,"{'seed': '65%', 'early': '24%', 'growth': '5%'}",247M$
MAV Web3 syndicate,Seed,High,MAV Web3 syndicate,Seed,High,USA,present,MAV Web3 syndicate is a venture capital firm that invests in early-stage Web3 companies.  They focus on high-growth potential and have a strong network within the blockchain and cryptocurrency space.,"['Web3', 'Blockchain', 'Cryptocurrency']",36%,"{'seed': '65%', 'early': '24%', 'growth': '5%'}",150M$
Syntax Ventures,Seed,High,Syntax Ventures,Seed,High,USA,03-2022,Syntax Ventures is a venture capital firm that invests in early-stage startups focusing on AI and SaaS solutions.  Their high deal flow indicates a strong focus on identifying and funding promising seed-stage companies with innovative technologies.,"['AI', 'SaaS']",30%,"{'seed': '75%', 'early': '20%', 'growth': '5%'}",150M$
HyperGuap,Pre-Seed,High,HyperGuap,Pre-Seed,High,USA,Present,"HyperGuap is a pre-seed stage company with a high deal flow, likely focusing on a fast-growing sector like SaaS or Fintech given its high activity.  More information is needed to provide a more detailed description.","['SaaS', 'Fintech']",N/A,"{'seed': '85%', 'early': '10%', 'growth': '5%'}",15M$
Jolt VC,Seed,High,Jolt VC,Seed,High,USA,03-2022,Jolt VC is a venture capital firm that invests in early-stage companies.  Their focus is on high-growth potential in the SaaS and Fintech sectors. They are known for their high deal flow and quick investment decisions.,"['SaaS', 'Fintech']",36%,"{'seed': '65%', 'early': '24%', 'growth': '5%'}",200M$
2022 Ventures - Top Tier Early Stage Deals,Seed+,High,2022 Ventures - Top Tier Early Stage Deals,Seed+,High,USA,03-2022,"2022 Ventures - Top Tier Early Stage Deals is a venture capital firm specializing in seed and early-stage investments.  They focus on high-growth potential companies across various sectors, including SaaS, Fintech, and AI.","['SaaS', 'Fintech', 'AI']",30%,"{'seed': '70%', 'early': '25%', 'growth': '5%'}",150M$
Fundomo,Series A,High,Fundomo,Series A,High,Europe,Present,"Fundomo is a venture capital firm that invests in Series A startups across Europe, focusing on high-growth companies in the SaaS and Fintech sectors.  They have a strong track record of successful investments and exits, and look for innovative companies with scalable business models.","['SaaS', 'Fintech']",45%,"{'seed': '15%', 'early': '60%', 'growth': '25%'}",150M$
Builders Capital,Seed,High,Builders Capital,Seed,High,USA,present,"Builders Capital is a venture capital firm that invests in seed-stage companies.  They focus on high-growth potential companies and have a strong deal flow, indicating significant activity in the market.","['SaaS', 'Fintech', 'AI']",30%,"{'seed': '70%', 'early': '20%', 'growth': '10%'}",150M$
Wild Ventures,Seed,Medium,Wild Ventures,Seed,Medium,USA,Present,"Wild Ventures is a venture capital firm that invests in seed-stage startups.  They focus on companies with innovative ideas and high growth potential, particularly in the technology and consumer goods sectors.","['Technology', 'Consumer Goods']",20%,"{'seed': '75%', 'early': '20%', 'growth': '5%'}",50M$
Suman Talukdar,Medium,Medium,Suman Talukdar,Medium,Medium,India,Present,"Suman Talukdar is a mid-stage firm with a medium deal flow, focusing on investments in Indian markets.  They likely have a portfolio of companies across various sectors, showing a balanced approach to investment.","['SaaS', 'Fintech', 'Healthtech']",40%,"{'seed': '30%', 'early': '40%', 'growth': '30%'}",150M$
Good News Ventures,Seed,Medium,Good News Ventures,Seed,Medium,Europe,12-2024,Good News Ventures is a pioneering company in Fintech.,"['Healthtech', 'SaaS']",17%,"{'seed': '67%', 'early': '21%', 'growth': '5%'}",68$
Recursive Syndicate,Medium,Medium,Recursive Syndicate,Medium,Medium,USA,03-2022,"Recursive Syndicate is a venture capital firm that invests in mid-stage companies across various sectors, including SaaS, Fintech, and AI.  They focus on companies demonstrating strong growth potential and have a reputation for supporting innovative technologies.","['SaaS', 'Fintech', 'AI']",40%,"{'seed': '15%', 'early': '35%', 'growth': '50%'}",150M$
Companyon Ventures,Seed,Medium,Companyon Ventures,Seed,Medium,USA,03-2022,"Companyon Ventures is a seed-stage venture capital firm focusing on early-stage investments in promising startups across various sectors, including SaaS, Fintech, and AI.  They are known for their support of innovative companies with high-growth potential.","['SaaS', 'Fintech', 'AI']",36%,"{'seed': '65%', 'early': '24%', 'growth': '5%'}",100M$
Founders First,Medium,Medium,Founders First,Medium,Medium,India,Present,"Founders First is a venture capital firm that invests in technology companies at various stages, focusing on the Indian market. They have a diverse portfolio of companies across sectors such as SaaS, Fintech, and AI.","['SaaS', 'Fintech', 'AI']",40%,"{'seed': '30%', 'early': '40%', 'growth': '30%'}",150M$
Everywhere Ventures,Seed,Medium,Everywhere Ventures,Seed,Medium,USA,Present,"Everywhere Ventures is a seed-stage venture capital firm focusing on early-stage investments in promising startups.  They are known for their diverse portfolio spanning various sectors, including SaaS, Fintech, and AI.","['SaaS', 'Fintech', 'AI']",36%,"{'seed': '65%', 'early': '24%', 'growth': '5%'}",50M$
Matt Slater (Stateless Ventures),Medium,Medium,Matt Slater (Stateless Ventures),Medium,Medium,USA,Present,"Matt Slater (Stateless Ventures) is a venture capital firm that invests in companies at various stages, focusing on the technology and SaaS sectors. They have a balanced portfolio with diverse investments across different markets.","['SaaS', 'Technology']",40%,"{'seed': '30%', 'early': '40%', 'growth': '30%'}",150M$
WV,Seed+,Medium,WV,Seed+,Medium,USA,01-2022,"WV is a venture capital firm that invests in seed and Series A companies.  They focus on technology companies with high growth potential, particularly those in the SaaS, Fintech, and AI sectors. They have a strong track record of supporting early-stage startups.","['SaaS', 'Fintech', 'AI']",30%,"{'seed': '60%', 'early': '30%', 'growth': '10%'}",150M$
Harpoon Ventures,Medium,Medium,Harpoon Ventures,Medium,Medium,USA,Present,"Harpoon Ventures is a venture capital firm that invests in companies at the medium stage across various sectors including SaaS, Fintech, and Healthcare. They focus on companies with a proven track record and strong growth potential.","['SaaS', 'Fintech', 'Healthtech']",40%,"{'seed': '15%', 'early': '45%', 'growth': '40%'}",150M$
Darkmode Ventures,Seed,Medium,Darkmode Ventures,Seed,Medium,USA,Present,"Darkmode Ventures is a seed-stage venture capital firm focusing on early-stage investments in promising companies.  They are likely to invest across a variety of sectors, showing interest in high-growth potential.","['SaaS', 'Fintech', 'AI']",20%,"{'seed': '75%', 'early': '20%', 'growth': '5%'}",50M$
Chaos Ventures,Medium,Medium,Chaos Ventures,Medium,Medium,USA,03-2022,"Chaos Ventures is a venture capital firm that invests in growth-stage companies across various sectors, including SaaS, Fintech, and AI.  They focus on companies with high-growth potential and strong leadership teams.","['SaaS', 'Fintech', 'AI']",40%,"{'seed': '15%', 'early': '50%', 'growth': '35%'}",150M$
Ride Wave Ventures,Seed,Medium,Ride Wave Ventures,Seed,Medium,USA,Present,Ride Wave Ventures is a seed-stage venture capital firm focusing on investments in early-stage companies. Their portfolio includes companies from various sectors with a potential for high growth and disruption.,"['SaaS', 'Fintech', 'AI']",20%,"{'seed': '75%', 'early': '20%', 'growth': '5%'}",50M$
Socially Financed,Medium,Medium,Socially Financed,Medium,Medium,USA,07-2022,Socially Financed is a mid-stage investment firm focusing on companies with a strong social impact within the SaaS and Fintech sectors.  They invest in companies demonstrating strong growth potential and a commitment to social responsibility.,"['SaaS', 'Fintech']",40%,"{'seed': '15%', 'early': '50%', 'growth': '35%'}",150M$
Spacecadet,Seed,Medium,Spacecadet,Seed,Medium,USA,03-2023,"Spacecadet is a seed-stage venture capital firm focusing on investments in space technology and related sectors. They are actively seeking innovative startups with high-growth potential in areas such as satellite communication, space exploration, and space-based infrastructure.","['Aerospace', 'Technology', 'Telecommunication']",20%,"{'seed': '75%', 'early': '20%', 'growth': '5%'}",50M$
Rief Ventures,Medium,Medium,Rief Ventures,Medium,Medium,USA,Present,"Rief Ventures is a venture capital firm that invests in mid-stage companies across various sectors, including SaaS, Fintech, and AI.  They have a strong focus on supporting companies with significant growth potential and proven traction.","['SaaS', 'Fintech', 'AI']",40%,"{'seed': '15%', 'early': '35%', 'growth': '50%'}",250M$
5 Eyes Ventures,Seed,Medium,5 Eyes Ventures,Seed,Medium,USA,03-2022,"5 Eyes Ventures is a seed-stage venture capital firm focusing on early-stage investments in promising startups across various sectors including SaaS, Fintech, and AI.  They have a strong network and provide mentorship and guidance to their portfolio companies.","['SaaS', 'Fintech', 'AI']",20%,"{'seed': '75%', 'early': '20%', 'growth': '5%'}",50M$
Xtripe Angels,Medium,Medium,Xtripe Angels,Medium,Medium,USA,Present,"Xtripe Angels is an investment firm focusing on mid-stage companies across various sectors, including SaaS, Fintech, and Healthtech.  They have a strong presence in the US market and are known for supporting companies with significant growth potential.","['SaaS', 'Fintech', 'Healthtech']",40%,"{'seed': '15%', 'early': '50%', 'growth': '35%'}",150M$
Banana Capital,Series D,Medium,Banana Capital,Series D,Medium,USA,03-2015,Banana Capital is a well-established venture capital firm focusing on growth-stage investments.  They have a strong portfolio of companies across various sectors and a history of successful exits.,"['Fintech', 'SaaS', 'E-commerce']",65%,"{'seed': '10%', 'early': '15%', 'growth': '75%'}",520M$
Shelter Island Ventures,Medium,Medium,Shelter Island Ventures,Medium,Medium,USA,Present,"Shelter Island Ventures is a venture capital firm that invests in companies at various stages, focusing on technology and consumer products.  They have a medium deal flow, suggesting a balanced approach to investment.","['Technology', 'Consumer Products']",40%,"{'seed': '30%', 'early': '40%', 'growth': '30%'}",150M$
MKT1 Capital,Seed,Medium,MKT1 Capital,Seed,Medium,USA,03-2022,"MKT1 Capital is a seed-stage venture capital firm focusing on early-stage investments in technology companies.  Their portfolio includes companies in the SaaS and Fintech sectors, with a strong emphasis on innovation and scalability.","['SaaS', 'Fintech']",20%,"{'seed': '75%', 'early': '20%', 'growth': '5%'}",50M$
Munch.VC,Medium,Medium,Munch.VC,Medium,Medium,USA,Present,"Munch.VC is a venture capital firm focusing on mid-stage investments in various sectors, including SaaS, Fintech, and  Healthtech. They have a diversified portfolio of companies demonstrating strong growth potential.","['SaaS', 'Fintech', 'Healthtech']",40%,"{'seed': '15%', 'early': '35%', 'growth': '50%'}",150M$
Lightning ⚡️ Ventures,Seed,Medium,Lightning ⚡️ Ventures,Seed,Medium,USA,03-2022,"Lightning ⚡️ Ventures is a venture capital firm that invests in early-stage companies, focusing on seed rounds.  They have a particular interest in innovative technologies and business models. Their portfolio is diverse, spanning various sectors.","['SaaS', 'Fintech', 'AI']",20%,"{'seed': '75%', 'early': '20%', 'growth': '5%'}",50M$
HF Scale,Medium,Medium,HF Scale,Medium,Medium,USA,Present,"HF Scale is a mid-stage investment firm focusing on growth-stage companies across various sectors, including SaaS, Fintech, and AI.  They have a demonstrated history of successful investments in scalable businesses.","['SaaS', 'Fintech', 'AI']",55%,"{'seed': '15%', 'early': '30%', 'growth': '55%'}",500M$
Australian Gulf Capital,Seed,Medium,Australian Gulf Capital,Seed,Medium,UK,12-2024,Australian Gulf Capital is a pioneering company in Fintech.,"['Healthtech', 'Fintech']",38%,"{'seed': '52%', 'early': '12%', 'growth': '11%'}",80$
Focalpoint Partners,Medium,Medium,Focalpoint Partners,Medium,Medium,USA,07-2017,"Focalpoint Partners is a mid-stage investment firm focusing on growth-stage companies in the SaaS, Fintech, and Healthcare sectors. They have a strong track record of successful investments and exits in the US market.","['SaaS', 'Fintech', 'Healthtech']",55%,"{'seed': '15%', 'early': '30%', 'growth': '55%'}",500M$
Mr. Wizard Ventures from Daniel Kagan,Seed,Medium,Mr. Wizard Ventures from Daniel Kagan,Seed,Medium,USA,Present,"Mr. Wizard Ventures from Daniel Kagan is a seed-stage venture capital firm focusing on early-stage investments.  They likely invest across a variety of sectors, given the broad nature of the name.","['SaaS', 'Fintech', 'AI']",20%,"{'seed': '75%', 'early': '20%', 'growth': '5%'}",50M$
DataPower Ventures,Medium,Medium,DataPower Ventures,Medium,Medium,USA,03-2022,"DataPower Ventures is a venture capital firm that invests in technology companies at the growth stage.  They focus on sectors such as SaaS, Fintech, and AI, concentrating their investments on companies demonstrating strong market traction and scalable business models.","['SaaS', 'Fintech', 'AI']",55%,"{'seed': '15%', 'early': '30%', 'growth': '55%'}",350M$
The Executive Venture Syndicate,Seed,Medium,The Executive Venture Syndicate,Seed,Medium,USA,03-2022,"The Executive Venture Syndicate is a seed-stage venture capital firm that invests in a range of sectors, focusing on companies with high-growth potential and experienced management teams.  Their portfolio is diversified across various markets.","['SaaS', 'Fintech', 'AI']",28%,"{'seed': '70%', 'early': '20%', 'growth': '10%'}",55M$
Iaso Ventures,Medium,Medium,Iaso Ventures,Medium,Medium,Europe,Present,"Iaso Ventures is a venture capital firm that invests in growth-stage companies across various sectors including technology, healthcare, and consumer goods.  They are known for their strategic investments and support of innovative businesses. ","['Technology', 'Healthcare', 'Consumer Goods']",55%,"{'seed': '15%', 'early': '30%', 'growth': '55%'}",500M$
Shane Feldberg,Seed,Medium,Shane Feldberg,Seed,Medium,USA,Present,Shane Feldberg is a seed-stage investor focusing on early-stage companies.  They likely invest across various sectors showing potential for rapid growth.,"['SaaS', 'Fintech', 'AI']",20%,"{'seed': '75%', 'early': '20%', 'growth': '5%'}",50M$
Caravan Health Ventures,Medium,Medium,Caravan Health Ventures,Medium,Medium,USA,Present,Caravan Health Ventures is a venture capital firm that invests in health technology companies at the growth stage. They focus on companies that are developing innovative solutions to improve healthcare delivery and outcomes.,['Healthtech'],40%,"{'seed': '10%', 'early': '30%', 'growth': '60%'}",150M$
Juniper,Seed+,Medium,Juniper,Seed+,Medium,USA,03-2022,"Juniper is a venture capital firm that invests in seed and Series A startups.  They focus on companies in the SaaS, Fintech, and AI sectors, particularly those with a strong emphasis on data analytics and machine learning.","['SaaS', 'Fintech', 'AI']",30%,"{'seed': '60%', 'early': '30%', 'growth': '10%'}",150M$
JourneyOne Ventures,Medium,Medium,JourneyOne Ventures,Medium,Medium,USA,07-2022,"JourneyOne Ventures is a venture capital firm that focuses on mid-stage investments in technology companies across various sectors including SaaS, Fintech and AI.  They have a strong network and proven track record of supporting companies through their growth journey.","['SaaS', 'Fintech', 'AI']",40%,"{'seed': '10%', 'early': '30%', 'growth': '60%'}",150M$
The Healthcare Syndicate,Seed,Medium,The Healthcare Syndicate,Seed,Medium,USA,01-2022,"The Healthcare Syndicate is a venture capital firm that invests in early-stage companies in the healthcare technology sector.  They focus on seed-stage investments with high growth potential, specializing in innovative solutions for improving patient care and efficiency.","['Healthtech', 'AI', 'SaaS']",30%,"{'seed': '70%', 'early': '20%', 'growth': '10%'}",50M$
Giant Step Capital,Medium,Medium,Giant Step Capital,Medium,Medium,USA,03-2022,"Giant Step Capital is a growth-stage investment firm focusing on the technology sector, with a particular interest in AI, SaaS, and Fintech companies. They have a strong track record of successful investments in rapidly growing businesses across various industries.","['AI', 'SaaS', 'Fintech']",40%,"{'seed': '15%', 'early': '35%', 'growth': '50%'}",175M$
The Syndicate by BANA,Seed,Medium,The Syndicate by BANA,Seed,Medium,USA,03-2022,"The Syndicate by BANA is a venture capital firm that invests in seed-stage startups.  They focus on companies in the SaaS, Fintech, and AI sectors, with a particular interest in innovative solutions.","['SaaS', 'Fintech', 'AI']",30%,"{'seed': '70%', 'early': '20%', 'growth': '10%'}",50M$
SHORVC,Medium,Medium,SHORVC,Medium,Medium,USA,Present,"SHORVC is a venture capital firm that invests in companies at the medium stage, focusing on a variety of sectors with medium deal flow.","['SaaS', 'Fintech', 'Healthtech']",40%,"{'seed': '30%', 'early': '40%', 'growth': '30%'}",150M$
Rendered VC,Seed,Medium,Rendered VC,Seed,Medium,USA,03-2022,"Rendered VC is a venture capital firm that invests in seed-stage startups with a focus on technology and innovation.  They are known for supporting companies across various sectors, with a special interest in those with high growth potential.","['SaaS', 'Fintech', 'AI']",28%,"{'seed': '75%', 'early': '20%', 'growth': '5%'}",95M$
Studio Management,Medium,Medium,Studio Management,Medium,Medium,USA,Present,Studio Management is a mid-stage investment firm focusing on companies in the Media and Entertainment sectors.  They have a broad portfolio and invest across various sub-sectors within the industry.,"['Media', 'Entertainment']",40%,"{'seed': '15%', 'early': '35%', 'growth': '50%'}",150M$
The Pitch,Seed,Medium,The Pitch,Seed,Medium,USA,12-2024,The Pitch is a pioneering company in Fintech.,"['SaaS', 'Healthtech']",35%,"{'seed': '50%', 'early': '15%', 'growth': '10%'}",88$
Tenon Ventures,Medium,Medium,Tenon Ventures,Medium,Medium,USA,03-2022,"Tenon Ventures is a venture capital firm that invests in growth-stage companies across various sectors, including SaaS, Fintech, and Healthtech.  They focus on companies with a proven track record and strong growth potential.","['SaaS', 'Fintech', 'Healthtech']",40%,"{'seed': '15%', 'early': '35%', 'growth': '50%'}",150M$
PaperJet Ventures,Seed+,Medium,PaperJet Ventures,Seed+,Medium,USA,Present,"PaperJet Ventures is a venture capital firm that invests in Seed+ stage companies.  They focus on early-stage startups with high growth potential, particularly within the technology sector.","['SaaS', 'Fintech', 'AI']",30%,"{'seed': '60%', 'early': '30%', 'growth': '10%'}",150M$
Untapped Ventures,Medium,Medium,Untapped Ventures,Medium,Medium,USA,Present,"Untapped Ventures is a venture capital firm that invests in companies at various stages, focusing on sectors such as SaaS, Fintech, and AI.  They have a medium deal flow, suggesting a balanced investment strategy across different opportunities.","['SaaS', 'Fintech', 'AI']",40%,"{'seed': '30%', 'early': '40%', 'growth': '30%'}",150M$
271.vc,Seed,Medium,271.vc,Seed,Medium,USA,Present,"271.vc is a venture capital firm that invests in early-stage startups.  They focus on seed-stage companies and have a medium deal flow, suggesting a balanced portfolio approach.","['SaaS', 'Fintech', 'AI']",20%,"{'seed': '75%', 'early': '20%', 'growth': '5%'}",50M$
Banyan,Medium,Medium,Banyan,Medium,Medium,USA,07-2022,"Banyan is a growth-stage investment firm, focusing on companies in the SaaS, Fintech, and AI sectors. They invest in companies with strong potential for growth and market disruption.","['SaaS', 'Fintech', 'AI']",55%,"{'seed': '15%', 'early': '30%', 'growth': '55%'}",250M$
Seneca,Other,Medium,Seneca,Other,Medium,USA,Present,"Seneca is an investment firm with a focus on diverse sectors, spanning from established companies to emerging startups.  Their investment strategy adapts to the specific needs and opportunities presented by each company.","['SaaS', 'Fintech', 'Healthtech']",40%,"{'seed': '30%', 'early': '40%', 'growth': '30%'}",150M$
Allen Bryant,Medium,Medium,Allen Bryant,Medium,Medium,USA,Present,"Allen Bryant is a mid-stage investment firm focusing on companies in the SaaS, Fintech, and Healthtech sectors.  They have a balanced portfolio with a focus on scalable businesses.","['SaaS', 'Fintech', 'Healthtech']",40%,"{'seed': '30%', 'early': '40%', 'growth': '30%'}",150M$
Brinc,Seed,Medium,Brinc,Seed,Medium,USA,Present,"Brinc is a seed-stage investor focusing on early-stage startups with high growth potential.  They are known for investing in companies across various sectors, demonstrating a diversified portfolio strategy.","['AI', 'Fintech', 'SaaS']",20%,"{'seed': '75%', 'early': '20%', 'growth': '5%'}",50M$
Katha VC // Sahith Aula,Medium,Medium,Katha VC // Sahith Aula,Medium,Medium,India,Present,Katha VC // Sahith Aula is a venture capital firm focusing on mid-stage investments in Indian technology companies.  They likely invest across various sectors showing strong growth potential.,"['Fintech', 'SaaS', 'AI']",40%,"{'seed': '15%', 'early': '50%', 'growth': '35%'}",150M$
Beyond Earth Technologies,Seed,Medium,Beyond Earth Technologies,Seed,Medium,USA,03-2022,Beyond Earth Technologies is a seed-stage company focused on developing innovative solutions for sustainable energy and environmental protection.  They are leveraging AI and machine learning to optimize energy consumption and resource management.,"['Cleantech', 'AI', 'Sustainability']",20%,"{'seed': '75%', 'early': '20%', 'growth': '5%'}",50M$
Cobble Hill Ventures,Medium,Medium,Cobble Hill Ventures,Medium,Medium,USA,Present,"Cobble Hill Ventures is a venture capital firm that invests in companies at various stages of development, with a focus on technology and healthcare.  They have a medium deal flow, suggesting a balanced portfolio approach.","['Technology', 'Healthcare']",40%,"{'seed': '30%', 'early': '40%', 'growth': '30%'}",150M$
Duro Ventures,Series B,Low,Duro Ventures,Series B,Low,USA,03-2015,"Duro Ventures is a venture capital firm that invests in growth-stage companies. They focus on the SaaS, Fintech, and AI industries and have a strong track record of successful investments.","['SaaS', 'Fintech', 'AI']",55%,"{'seed': '15%', 'early': '30%', 'growth': '55%'}",500M$
Barney Pell,Medium,Low,Barney Pell,Medium,Low,USA,Present,"Barney Pell is a venture capitalist firm focusing on mid-stage companies, with investments spanning various sectors including SaaS, Fintech, and AI.  Their investment strategy prioritizes companies demonstrating substantial growth potential.","['SaaS', 'Fintech', 'AI']",40%,"{'seed': '15%', 'early': '35%', 'growth': '50%'}",150M$
Capital Factory,Seed,Low,Capital Factory,Seed,Low,USA,07-2017,"Capital Factory is a seed-stage venture capital firm that invests in early-stage startups. They primarily focus on companies in the technology sector, with a particular interest in AI, SaaS, and Fintech.","['AI', 'SaaS', 'Fintech']",20%,"{'seed': '75%', 'early': '20%', 'growth': '5%'}",50M$
Inovexus Ventures,Medium,Low,Inovexus Ventures,Medium,Low,Europe,Present,"Inovexus Ventures is a venture capital firm that invests in companies at various stages, focusing on the European market.  They have a diverse portfolio spanning various sectors including SaaS, Fintech, and AI, with a particular interest in companies demonstrating sustainable growth.","['SaaS', 'Fintech', 'AI']",40%,"{'seed': '30%', 'early': '40%', 'growth': '30%'}",150M$
500 Global,Seed+,Low,500 Global,Seed+,Low,USA,01-2010,"500 Global is a global venture capital firm investing in early-stage startups across various sectors, including SaaS, Fintech, and AI.  They have a large portfolio of seed and seed+ stage companies and a focus on supporting high-growth potential.","['SaaS', 'Fintech', 'AI', 'Healthtech']",25%,"{'seed': '60%', 'early': '30%', 'growth': '10%'}",500M$
Nelstone Ventures,Medium,Low,Nelstone Ventures,Medium,Low,USA,present,Nelstone Ventures is a venture capital firm that invests in companies at the medium stage of development.  They focus on a variety of sectors and have a relatively low deal flow.,"['SaaS', 'Fintech', 'Healthtech']",40%,"{'seed': '15%', 'early': '60%', 'growth': '25%'}",150M$
undefined Syndicate,Pre-Seed,Low,undefined Syndicate,Pre-Seed,Low,USA,Present,undefined Syndicate is a venture capital firm that invests in early-stage companies.  They focus on pre-seed investments and have a portfolio concentrated in the technology sector.,"['SaaS', 'Fintech']",10%,"{'seed': '80%', 'early': '15%', 'growth': '5%'}",15M$
Pete Soderling,Medium,Low,Pete Soderling,Medium,Low,USA,Present,"Pete Soderling is a mid-stage company with a focus on  various markets.  They have a low deal flow, suggesting a more selective investment strategy.","['SaaS', 'Fintech']",40%,"{'seed': '30%', 'early': '40%', 'growth': '30%'}",150M$
Jake Seid,Pre-Seed,Low,Jake Seid,Pre-Seed,Low,USA,Present,Jake Seid is an angel investor focusing on pre-seed investments in early-stage startups.  He typically invests in companies with innovative technologies and strong founding teams.,"['SaaS', 'Fintech', 'AI']",N/A,"{'seed': '85%', 'early': '10%', 'growth': '5%'}",15M$
N49P,Medium,Low,N49P,Medium,Low,USA,03-2022,N49P is a mid-stage investment firm focusing on  companies in the SaaS and Fintech sectors in the USA.  They have a moderate deal flow and are known for strategic investments in growth-stage businesses.,"['SaaS', 'Fintech']",67%,"{'seed': '15%', 'early': '38%', 'growth': '47%'}",250M$
Ankur Nagpal,Seed,Low,Ankur Nagpal,Seed,Low,India,12-2024,Ankur Nagpal is a pioneering company in SaaS.,"['Healthtech', 'AI']",23%,"{'seed': '51%', 'early': '25%', 'growth': '10%'}",37$
PIRQUE ΔHEΔD,Medium,Low,PIRQUE ΔHEΔD,Medium,Low,USA,07-2022,PIRQUE ΔHEΔD is a mid-stage firm that invests in companies across diverse sectors.  They have a moderate deal flow and focus on companies showing strong potential for growth.,"['SaaS', 'Fintech', 'Healthtech']",40%,"{'seed': '20%', 'early': '50%', 'growth': '30%'}",150M$
Fractal Venture Investments,Pre-Seed,Low,Fractal Venture Investments,Pre-Seed,Low,India,Present,"Fractal Venture Investments is a venture capital firm that invests in early-stage startups, primarily focusing on the Indian market.  They concentrate on pre-seed investments with a focus on technology and innovation.","['Fintech', 'SaaS', 'AI']",15%,"{'seed': '80%', 'early': '15%', 'growth': '5%'}",25M$
SaaSholic,Medium,Low,SaaSholic,Medium,Low,USA,present,"SaaSholic is a company focusing on SaaS solutions, currently in its medium stage of development.  They have a relatively low deal flow, suggesting a focus on quality over quantity.",['SaaS'],40%,"{'seed': '10%', 'early': '60%', 'growth': '30%'}",55M$
Wuri Ventures,Series A,Low,Wuri Ventures,Series A,Low,USA,03-2022,"Wuri Ventures is a venture capital firm that invests in Series A companies across various sectors, including SaaS, Fintech, and AI.  They focus on companies with strong growth potential and innovative technologies.","['SaaS', 'Fintech', 'AI']",45%,"{'seed': '30%', 'early': '60%', 'growth': '10%'}",115M$
Frontierspace VC,Medium,Low,Frontierspace VC,Medium,Low,Europe,03-2022,"Frontierspace VC is a venture capital firm that invests in technology companies across Europe, with a focus on mid-stage companies with significant growth potential.  They typically focus on sectors such as SaaS, Fintech, and AI.","['SaaS', 'Fintech', 'AI']",55%,"{'seed': '15%', 'early': '30%', 'growth': '55%'}",150M$
The MBA Fund,Pre-Seed,Low,The MBA Fund,Pre-Seed,Low,USA,Present,The MBA Fund is a venture capital firm that invests in pre-seed and seed-stage startups across various sectors. They are known for their support of diverse founders and focus on building long-term partnerships.,"['SaaS', 'Fintech', 'AI']",15%,"{'seed': '80%', 'early': '15%', 'growth': '5%'}",50M$
Benjamin Bryant's Access Fund,Medium,Low,Benjamin Bryant's Access Fund,Medium,Low,USA,Present,"Benjamin Bryant's Access Fund is a mid-stage investment firm focusing on growth-oriented companies.  They have a diverse portfolio across various sectors including SaaS and Fintech, with a strategic interest in scaling businesses.","['SaaS', 'Fintech']",40%,"{'seed': '15%', 'early': '35%', 'growth': '50%'}",150M$
The Nordic Web,Series A,Low,The Nordic Web,Series A,Low,Europe,Present,"The Nordic Web is a venture capital firm that invests in Series A startups across various sectors, primarily in the Nordic region.  They focus on companies with innovative technologies and a strong potential for growth.","['SaaS', 'Fintech', 'E-commerce']",45%,"{'seed': '15%', 'early': '60%', 'growth': '25%'}",120M$
P1 Ventures,Medium,Low,P1 Ventures,Medium,Low,India,Present,"P1 Ventures is a venture capital firm that invests in companies at various stages of growth, focusing on the Indian market.  They have a diverse portfolio spanning multiple sectors.","['SaaS', 'Fintech', 'Healthtech']",40%,"{'seed': '30%', 'early': '40%', 'growth': '30%'}",150M$
Cabra VC,Pre-Seed,Low,Cabra VC,Pre-Seed,Low,Europe,Present,"Cabra VC is a venture capital firm that invests in early-stage startups, focusing on pre-seed and seed rounds.  They have a strong interest in innovative companies across various sectors, with a particular focus on European markets.","['Fintech', 'SaaS', 'Healthtech']",15%,"{'seed': '80%', 'early': '15%', 'growth': '5%'}",35M$
Inuka Capital,Medium,Low,Inuka Capital,Medium,Low,UK,present,Inuka Capital is a mid-stage investment firm focusing on companies in the Fintech and SaaS sectors within the UK and European markets.  They have a balanced portfolio demonstrating a strategic approach to medium-growth companies.,"['Fintech', 'SaaS']",40%,"{'seed': '15%', 'early': '35%', 'growth': '50%'}",150M$
"Arka Venture Labs (Fund II) (India-US preseed fund, 38 investmen",Seed,Low,N/A,N/A,N/A,N/A,N/A,N/A,N/A,N/A,N/A,N/A
Amara.VC,Medium,Low,Amara.VC,Medium,Low,Europe,Present,"Amara.VC is a venture capital firm that invests in companies at the medium stage, focusing on a variety of sectors including technology and healthcare.  They have a measured approach to deal flow and prioritize strong fundamentals.","['SaaS', 'Fintech', 'Healthtech']",40%,"{'seed': '15%', 'early': '60%', 'growth': '25%'}",150M$
Not Boring,Series A,Low,Not Boring,Series A,Low,USA,01-2022,"Not Boring is a venture capital firm that focuses on Series A investments, with a particular interest in technology companies with strong growth potential. They have a portfolio of companies spanning several sectors, including SaaS, Fintech and AI.","['SaaS', 'Fintech', 'AI']",45%,"{'seed': '10%', 'early': '70%', 'growth': '20%'}",120M$
Newlin.vc,Medium,Low,Newlin.vc,Medium,Low,USA,Present,"Newlin.vc is a venture capital firm that focuses on mid-stage investments.  They have a portfolio of companies spanning various sectors, showcasing a diversified investment strategy.","['SaaS', 'Fintech', 'Healthtech']",40%,"{'seed': '15%', 'early': '35%', 'growth': '50%'}",150M$
Kube VC,Pre-Seed,Low,Kube VC,Pre-Seed,Low,USA,Present,"Kube VC is a venture capital firm that invests in early-stage startups, primarily focusing on pre-seed and seed rounds.  Their portfolio companies are likely to be in the technology sector, potentially encompassing SaaS, AI, or Fintech.","['SaaS', 'AI', 'Fintech']",15%,"{'seed': '85%', 'early': '10%', 'growth': '5%'}",20M$
Prithvi Ventures,Medium,Low,Prithvi Ventures,Medium,Low,India,12-2024,Prithvi Ventures is a pioneering company in AI.,"['Healthtech', 'AI']",12%,"{'seed': '50%', 'early': '27%', 'growth': '20%'}",78$
Evolutionary Ventures,Pre-Seed,Low,Evolutionary Ventures,Pre-Seed,Low,USA,03-2023,"Evolutionary Ventures is a newly established venture capital firm focusing on pre-seed investments in innovative startups across various sectors, including but not limited to technology, healthcare and consumer goods.  They have a keen interest in supporting early-stage companies with high-growth potential and disruptive business models.","['Technology', 'Healthcare', 'Consumer Goods']",15%,"{'seed': '80%', 'early': '15%', 'growth': '5%'}",15M$
Great Circle Ventures,Medium,Low,Great Circle Ventures,Medium,Low,USA,03-2022,"Great Circle Ventures is a venture capital firm that invests in companies at the medium stage of development, focusing on various sectors such as SaaS, Fintech, and Healthtech.  They have a proven track record of identifying promising businesses with strong growth potential.","['SaaS', 'Fintech', 'Healthtech']",40%,"{'seed': '15%', 'early': '60%', 'growth': '25%'}",150M$
Calculated Leap Ventures,Series A,Low,Calculated Leap Ventures,Series A,Low,USA,03-2022,Calculated Leap Ventures is a venture capital firm that invests in Series A companies with a focus on technology and innovation.  They are particularly interested in companies developing innovative solutions in the SaaS and Fintech sectors.,"['SaaS', 'Fintech']",45%,"{'seed': '15%', 'early': '60%', 'growth': '25%'}",120M$
Tech Investor Club - Syndicate,Medium,Low,Tech Investor Club - Syndicate,Medium,Low,USA,03-2022,"Tech Investor Club - Syndicate is a venture capital firm that invests in technology companies at various stages of development, with a particular focus on Series A and B rounds.  Their investments span multiple sectors, including SaaS, Fintech, and AI.","['SaaS', 'Fintech', 'AI']",40%,"{'seed': '10%', 'early': '60%', 'growth': '30%'}",150M$
DayDream Ventures,Seed+,Low,DayDream Ventures,Seed+,Low,USA,01-2022,"DayDream Ventures is a seed-stage venture capital firm focusing on early-stage investments in promising startups. Their portfolio includes companies in diverse sectors such as SaaS, Fintech, and AI, with a particular interest in innovative solutions and high-growth potential.","['SaaS', 'Fintech', 'AI']",25%,"{'seed': '70%', 'early': '25%', 'growth': '5%'}",55M$
Ten31 Bitcoin and Freedom Tech Syndicate,Medium,Low,Ten31 Bitcoin and Freedom Tech Syndicate,Medium,Low,USA,Present,"Ten31 Bitcoin and Freedom Tech Syndicate is a syndicate investing in medium-stage companies within the Fintech and blockchain sectors, focusing on innovative solutions and technologies.  They demonstrate a measured investment approach.","['Fintech', 'Blockchain']",40%,"{'seed': '10%', 'early': '30%', 'growth': '60%'}",150M$
TDV Partners (US) | Ujwal's Syndicate,Seed+,Low,TDV Partners (US) | Ujwal's Syndicate,Seed+,Low,USA,01-2022,"TDV Partners (US) | Ujwal's Syndicate is a venture capital firm that invests in seed and Series A startups across various sectors, including technology, healthcare, and consumer goods.  They focus on companies with strong potential for growth and innovation.","['Technology', 'Healthcare', 'Consumer Goods']",25%,"{'seed': '70%', 'early': '20%', 'growth': '10%'}",50M$
Nomad Ventures,Medium,Low,Nomad Ventures,Medium,Low,USA,02-2022,"Nomad Ventures is a venture capital firm that invests in technology companies at different stages of growth, focusing on SaaS and Fintech solutions. Their investments target companies with innovative products and strong market potential.","['SaaS', 'Fintech']",40%,"{'seed': '30%', 'early': '50%', 'growth': '20%'}",150M$
GoodTech Electric,Seed+,Low,GoodTech Electric,Seed+,Low,USA,03-2023,GoodTech Electric is a seed+ stage company focused on developing innovative electric vehicle technologies.  They are concentrating on improving battery life and charging infrastructure. ,"['Cleantech', 'Automotive']",20%,"{'seed': '70%', 'early': '20%', 'growth': '10%'}",50M$
Network Ventures Syndicate,Medium,Low,Network Ventures Syndicate,Medium,Low,USA,03-2019,Network Ventures Syndicate is a mid-stage investment firm focusing on growth-stage companies within the SaaS and Fintech sectors in the USA.  They have a history of successful investments in companies demonstrating strong market traction.,"['SaaS', 'Fintech']",55%,"{'seed': '15%', 'early': '30%', 'growth': '55%'}",350M$
Ayuh Ventures,Seed,Low,Ayuh Ventures,Seed,Low,India,Present,Ayuh Ventures is a seed-stage venture capital firm that invests in early-stage startups.  They are focused on the Indian market and have a particular interest in companies developing innovative solutions.,"['Fintech', 'Healthtech', 'SaaS']",20%,"{'seed': '75%', 'early': '20%', 'growth': '5%'}",50M$
Maya Bakhai,Medium,Low,Maya Bakhai,Medium,Low,USA,Present,Maya Bakhai is a mid-stage investment firm focusing on companies in the SaaS and Fintech sectors.  They have a moderate deal flow and concentrate on companies with proven traction.,"['SaaS', 'Fintech']",40%,"{'seed': '10%', 'early': '60%', 'growth': '30%'}",150M$
Atman,Seed,Low,Atman,Seed,Low,India,Present,"Atman is a seed-stage investment firm focusing on early-stage startups within the Indian market.  They concentrate their investments in companies showing potential within the technology sector, particularly those leveraging AI and SaaS solutions.","['AI', 'SaaS']",20%,"{'seed': '75%', 'early': '20%', 'growth': '5%'}",50M$
Kindergarten Ventures,Medium,Low,Kindergarten Ventures,Medium,Low,USA,02-2022,"Kindergarten Ventures is a venture capital firm that invests in mid-stage companies across various sectors including SaaS, Fintech, and HealthTech.  They focus on companies demonstrating sustainable growth and strong market potential.","['SaaS', 'Fintech', 'Healthtech']",55%,"{'seed': '15%', 'early': '30%', 'growth': '55%'}",150M$
"Textbook Ventures - Founders from Columbia, Cornell, and NYU",Seed+,Low,"Textbook Ventures - Founders from Columbia, Cornell, and NYU",Seed+,Low,USA,Present,"Textbook Ventures is a venture capital firm founded by individuals from prestigious universities, focusing on seed+ investments.  They likely invest across various sectors given the diverse founder backgrounds, possibly with an emphasis on technology or companies with strong academic ties.","['Technology', 'SaaS', 'Fintech']",25%,"{'seed': '60%', 'early': '30%', 'growth': '10%'}",50M$
Arkstons Capital,Medium,Low,Arkstons Capital,Medium,Low,USA,03-2022,Arkstons Capital is a mid-stage investment firm focusing on companies in the SaaS and Fintech sectors.  They have a moderate deal flow and invest in companies showing strong growth potential.,"['SaaS', 'Fintech']",40%,"{'seed': '15%', 'early': '35%', 'growth': '50%'}",150M$
Sunflower Fund,Series B,Low,Sunflower Fund,Series B,Low,USA,Present,Sunflower Fund is a venture capital firm that invests in growth-stage companies.  They have a particular focus on technology and have a portfolio of companies in various sectors.,"['SaaS', 'Fintech', 'Healthtech']",55%,"{'seed': '10%', 'early': '35%', 'growth': '55%'}",500M$
Caisson Capital Ventures,Medium,Low,Caisson Capital Ventures,Medium,Low,USA,Present,"Caisson Capital Ventures is a venture capital firm that invests in companies at various stages of growth, focusing on technology and innovative solutions.  Their investments span multiple sectors, and they have a history of supporting promising businesses in their expansion. ","['Technology', 'SaaS', 'Fintech']",40%,"{'seed': '30%', 'early': '40%', 'growth': '30%'}",150M$
Ollie Howie,Seed,Low,Ollie Howie,Seed,Low,UK,Present,"Ollie Howie is a seed-stage investment firm focusing on early-stage startups.  They are likely concentrated in the UK market, and may invest across various sectors, such as SaaS, Fintech, or Healthtech, depending on their specific portfolio companies.","['SaaS', 'Fintech', 'Healthtech']",20%,"{'seed': '75%', 'early': '20%', 'growth': '5%'}",5M$
Potluck Ventures (backing #AAPI founders),Medium,Low,Potluck Ventures (backing #AAPI founders),Medium,Low,India,12-2024,Potluck Ventures (backing #AAPI founders) is a pioneering company in Fintech.,"['AI', 'Fintech']",35%,"{'seed': '60%', 'early': '12%', 'growth': '18%'}",143$
Mute Ventures,Pre-Seed,Low,Mute Ventures,Pre-Seed,Low,USA,03-2023,"Mute Ventures is a newly established venture capital firm focusing on pre-seed investments in innovative startups across various sectors including SaaS, Fintech and AI.  They are based in the USA and prioritize companies with high-growth potential.","['SaaS', 'Fintech', 'AI']",15%,"{'seed': '80%', 'early': '15%', 'growth': '5%'}",15M$
Gonio Ventures,Medium,Low,Gonio Ventures,Medium,Low,USA,01-2015,"Gonio Ventures is a venture capital firm that invests in growth-stage companies across various sectors including SaaS, Fintech, and Healthtech.  They have a strong focus on companies with disruptive technologies and scalable business models.","['SaaS', 'Fintech', 'Healthtech']",55%,"{'seed': '15%', 'early': '30%', 'growth': '55%'}",500M$
Youth Development Fund,Series A,Low,Youth Development Fund,Series A,Low,USA,01-2022,Youth Development Fund is a venture capital firm that invests in early and growth-stage companies focused on improving youth development programs and initiatives. They typically invest in companies in the education technology and social impact sectors.,"['EdTech', 'Social Impact']",40%,"{'seed': '30%', 'early': '60%', 'growth': '10%'}",95M$
Tremis Capital US,Medium,Low,Tremis Capital US,Medium,Low,USA,01-2022,"Tremis Capital US is a mid-stage investment firm focusing on technology companies in the US market.  They invest across various sectors including SaaS, Fintech, and AI, supporting companies' growth and expansion.","['SaaS', 'Fintech', 'AI']",55%,"{'seed': '15%', 'early': '30%', 'growth': '55%'}",250M$
AdValorem Syndicate,Seed,Low,AdValorem Syndicate,Seed,Low,USA,01-2022,AdValorem Syndicate is a seed-stage venture capital firm focusing on early-stage investments in technology companies.  They have a particular interest in SaaS and Fintech solutions.,"['SaaS', 'Fintech']",20%,"{'seed': '75%', 'early': '20%', 'growth': '5%'}",50M$
Rob Hanna / Enduring Ventures,Seed,Low,Rob Hanna / Enduring Ventures,Seed,Low,USA,Present,Rob Hanna / Enduring Ventures is a seed-stage venture capital firm that invests in early-stage companies across various sectors.  Their focus is on supporting innovative businesses with high-growth potential.,"['SaaS', 'Fintech', 'Healthtech']",20%,"{'seed': '75%', 'early': '20%', 'growth': '5%'}",50M$
Intbox Ventures,Pre-Seed,Low,Intbox Ventures,Pre-Seed,Low,USA,Present,"Intbox Ventures is a venture capital firm that invests in early-stage startups, focusing on the pre-seed stage.  They have a portfolio of companies across various sectors, including technology and potentially others.",['Technology'],N/A,"{'seed': '85%', 'early': '10%', 'growth': '5%'}",15M$
TopazProp Ventures,Pre-Seed,Low,TopazProp Ventures,Pre-Seed,Low,USA,03-2023,TopazProp Ventures is a new venture capital firm focusing on real estate technology and proptech startups.  They are currently making investments in pre-seed companies showing significant potential within the market.,"['Real Estate', 'Technology', 'Fintech']",10%,"{'seed': '80%', 'early': '15%', 'growth': '5%'}",15M$
Melzi VC,Seed+,Low,Melzi VC,Seed+,Low,Europe,01-2022,"Melzi VC is a venture capital firm that invests in seed and Series A startups, focusing on the European market.  They have a particular interest in companies developing innovative solutions in the SaaS and Fintech sectors.","['SaaS', 'Fintech']",25%,"{'seed': '70%', 'early': '28%', 'growth': '2%'}",50M$
Majic Capital,Seed+,Low,Majic Capital,Seed+,Low,USA,Present,Majic Capital is a seed-stage investment firm focusing on early-stage companies with high-growth potential in diverse sectors like Fintech and SaaS.  They are known for supporting innovative solutions in the US market.,"['Fintech', 'SaaS']",20%,"{'seed': '75%', 'early': '20%', 'growth': '5%'}",50M$
SUM Ventures,Seed,Low,SUM Ventures,Seed,Low,USA,01-2022,"SUM Ventures is a seed-stage venture capital firm that invests in early-stage startups.  They focus on a range of sectors, with a particular interest in companies with strong potential for growth and scalability.","['Fintech', 'SaaS', 'AI']",20%,"{'seed': '75%', 'early': '20%', 'growth': '5%'}",50M$
The Mycelorium,Seed,Low,The Mycelorium,Seed,Low,USA,Present,"The Mycelorium is a seed-stage company with a low deal flow, likely focused on a niche market.  More information is needed to provide a detailed description.",['Unspecified'],20%,"{'seed': '75%', 'early': '20%', 'growth': '5%'}",10M$
Cavallon AI,Seed,Low,Cavallon AI,Seed,Low,USA,Present,Cavallon AI is a seed-stage company focused on developing cutting-edge AI solutions.  Their initial products are likely focused on a niche market and are currently seeking seed funding to fuel early development and market entry.,['AI'],20%,"{'seed': '73%', 'early': '26%', 'growth': '1%'}",15M$
Storied Ventures,Seed,Low,Storied Ventures,Seed,Low,USA,03-2022,"Storied Ventures is a seed-stage venture capital firm that invests in early-stage startups across various sectors, including technology, consumer goods, and healthcare. They focus on companies with strong potential for growth and innovation.","['Technology', 'Consumer Goods', 'Healthcare']",20%,"{'seed': '75%', 'early': '20%', 'growth': '5%'}",50M$
Sober Capital,Seed,New,Sober Capital,Seed,New,Europe,Present,"Sober Capital is a new seed-stage investment firm focusing on early-stage companies.  They are likely to concentrate on a specific sector or region in Europe, details of which are currently unavailable.","['SaaS', 'Fintech']",20%,"{'seed': '80%', 'early': '15%', 'growth': '5%'}",10M$
Galactic Ventures,Seed+,New,Galactic Ventures,Seed+,New,USA,Present,"Galactic Ventures is a newly established venture capital firm focusing on Seed+ stage investments.  They are likely targeting companies in high-growth sectors such as SaaS, Fintech, and AI, given the current market trends.","['SaaS', 'Fintech', 'AI']",N/A,"{'seed': '80%', 'early': '15%', 'growth': '5%'}",15M$
Maverick Ventures,Seed,New,Maverick Ventures,Seed,New,USA,Present,Maverick Ventures is a new venture capital firm focusing on seed-stage investments.  They are likely targeting companies in high-growth technology sectors.,"['Technology', 'SaaS', 'Fintech']",N/A,"{'seed': '90%', 'early': '5%', 'growth': '5%'}",10M$
Riceberg Ventures,Seed,New,Riceberg Ventures,Seed,New,USA,Present,"Riceberg Ventures is a new venture capital firm focusing on seed-stage investments.  They are likely to concentrate on early-stage companies with high-growth potential, potentially in technology sectors such as SaaS, Fintech, or AI.","['SaaS', 'Fintech', 'AI']",20%,"{'seed': '75%', 'early': '20%', 'growth': '5%'}",10M$
Hero's Journey Capital,Pre-Seed,New,Hero's Journey Capital,Pre-Seed,New,India,12-2024,Hero's Journey Capital is a pioneering company in Fintech.,"['AI', 'Healthtech']",37%,"{'seed': '66%', 'early': '23%', 'growth': '13%'}",120$
Ikigai Syndicate,Seed,New,Ikigai Syndicate,Seed,New,USA,Present,Ikigai Syndicate is a venture capital firm that invests in early-stage companies.  They focus on seed-stage investments and have a particular interest in innovative technologies and business models.,"['SaaS', 'Fintech', 'AI']",20%,"{'seed': '80%', 'early': '15%', 'growth': '5%'}",50M$
Meandros Ventures,Seed,New,Meandros Ventures,Seed,New,Europe,Present,Meandros Ventures is a new venture capital firm focusing on seed-stage investments in European startups.  They are likely to invest across a range of sectors showing high growth potential.,"['SaaS', 'Fintech', 'Healthtech']",20%,"{'seed': '85%', 'early': '10%', 'growth': '5%'}",15M$
co/fund,Seed,New,co/fund,Seed,New,USA,Present,"co/fund is a new seed-stage investment fund focusing on early-stage startups.  They are likely to invest across a range of sectors, given their early stage and broad focus.","['SaaS', 'Fintech', 'AI']",N/A,"{'seed': '90%', 'early': '5%', 'growth': '5%'}",10M$
Sola View Investments I - Med Tech,Pre-Seed,New,Sola View Investments I - Med Tech,Pre-Seed,New,USA,Present,Sola View Investments I - Med Tech is a new investment firm focusing on early-stage medical technology companies.  They are likely targeting innovative solutions within the medical device or digital health sectors.,"['MedTech', 'Healthtech']",N/A,"{'seed': '85%', 'early': '10%', 'growth': '5%'}",10M$
Stardust Ventures,Seed,New,Stardust Ventures,Seed,New,India,Present,"Stardust Ventures is a new venture capital firm that invests in early-stage startups across various sectors, with a particular focus on the Indian market.  They are likely to concentrate on companies with high-growth potential and innovative solutions.","['AI', 'SaaS', 'Fintech', 'Healthtech']",20%,"{'seed': '75%', 'early': '20%', 'growth': '5%'}",50M$
Model Ventures,Seed,New,Model Ventures,Seed,New,USA,Present,Model Ventures is a new venture capital firm focusing on seed-stage investments.  They are likely concentrating on  high-growth potential companies in the technology sector.,"['AI', 'SaaS', 'Fintech']",null,"{'seed': '90%', 'early': '10%', 'growth': '0%'}",10M$
Jessie Wu,Pre-Seed,New,Jessie Wu,Pre-Seed,New,USA,Present,"Jessie Wu is a new venture capital firm focusing on pre-seed investments, likely in the technology sector given the current market trends.  More information is needed to specify their exact focus.",['Technology'],N/A,"{'seed': '85%', 'early': '10%', 'growth': '5%'}",5M$
BuildTech,Seed,New,BuildTech,Seed,New,USA,Present,BuildTech is a new seed-stage venture capital firm focusing on construction technology and proptech companies.  They are likely investing in early-stage startups with high-growth potential in the construction and real estate sectors.,"['Construction Technology', 'PropTech']",N/A,"{'seed': '90%', 'early': '5%', 'growth': '5%'}",10M$